DocNo,sentence,tag
D3,of,O
D2,immediately,O
D3,based,O
D3,and,O
,,
,,
D3,and,O
D5,same,O
D3,has,O
D3,designed,O
D2,of,O
D3,generally,O
D4,command-line,B-TOOL
D3,Nmap,B-TOOL
D2,zombie,B-SYSTEM
D3,scanning,B-TECHNIQUE
D2,to,O
D3,successfully,O
D3,Nmap,B-TOOL
D4,Metasploitable,B-SYSTEM
D5,log,B-DATA
D3,focusing,O
D4,by,O
,,
D3,firewall,B-TOOL
D5,priority,B-FEATURE
D3,You,O
D3,what,O
D2,the,O
D3,self-targeted,B-TECHNIQUE
D2,of,O
D2,The,O
D3,lookup,I-FUNCTION
D2,The,O
D2,to,O
D4,port,B-TECHNIQUE
D5,the,O
D3,successfully,O
D4,the,O
D5,On,O
D5,used,O
D4,exploits,B-TECHNIQUE
D2,Probe,B-TECHNIQUE
D2,which,O
D3,to,O
D3,be,O
D3,also,O
D3,that,O
,,
D2,an,O
D3,files,B-DATA
D2,of,O
D3,that,O
D3,blocked,B-FEATURE
D3,framework,I-TOOL
D3,monitor,B-TECHNIQUE
D3,observation,O
D4,Ping,I-TECHNIQUE
D2,will,O
D3,For,O
D3,easily,O
D4,command,I-FUNCTION
D3,casting,O
D2,connection,B-FEATURE
D2,attacker,I-ATTACKER
D2,discovery,I-TECHNIQUE
D3,the,O
,,
D2,the,O
D4,take,O
D5,helping,O
D3,not,O
D4,are,O
D5,If,O
D4,the,O
D3,new,O
D4,using,O
D2,600,O
D5,different,O
D2,uses,O
D5,of,O
D1,Snort,B-FUNCTION
D2,the,O
D3,only,O
D4,evasions,B-TECHNIQUE
D4,there,O
D5,a,O
D3,implication,O
D3,Prevention,I-TOOL
D4,service,I-APP
D4,and,O
D4,use,O
D3,eventually,O
D3,and,O
D5,log,B-DATA
D1,a,O
D2,scanned,B-FUNCTION
D2,often,O
D3,Metasploit,I-TOOL
D2,each,O
D5,file,I-DATA
D2,script,I-FUNCTION
D2,target,B-SYSTEM
D2,operating,B-SYSTEM
D2,operating,B-SYSTEM
D2,tool,B-TOOL
D2,rate,B-TECHNIQUE
D3,address,I-FEATURE
D5,is,O
D5,on,O
D5,syslog,B-SYSTEM
D5,caused,O
D2,manipulate,O
D2,includes,O
D4,set,B-FUNCTION
D4,some,O
D4,the,O
D4,possibly,O
D5,ssh,B-FUNCTION
D5,the,O
D3,does,O
D4,search,B-FUNCTION
D2,port,B-FEATURE
D3,the,O
D3,type,O
D2,is,O
D2,sweeps,I-TECHNIQUE
D4,many,O
D4,allowance,O
,,
D2,To,O
D3,outside,O
D1,language,B-FEATURE
D4,return,O
D3,firewall,B-TOOL
D3,source,B-SYSTEM
D5,When,O
D4,you,O
D2,that,O
D4,you,O
D4,hosts,B-SYSTEM
D5,where,O
D4,list,O
D3,RFC,B-FEATURE
D2,firewall,B-TOOL
D4,password,B-TECHNIQUE
D4,is,O
D3,extra,O
D2,but,O
D3,the,O
D2,most,O
D2,script,I-FUNCTION
D3,not,O
D2,output,B-FEATURE
D3,scan,B-TECHNIQUE
D3,will,O
D2,and,O
D3,analysis,O
D5,as,O
D5,the,O
D4,Metasploit,B-TOOL
D2,determine,O
D4,the,O
D2,the,O
D3,purposes,O
D3,port,B-FEATURE
D2,scan,I-TECHNIQUE
D2,by,O
D5,one,O
D1,against,O
D2,a,O
D5,using,O
D1,flow,I-FEATURE
D4,a,O
D2,if,O
D3,IDSs,B-TOOL
D5,and,O
D4,the,O
D4,of,O
D2,sends,O
D3,Linux,B-SYSTEM
D4,you,O
D3,result,O
D1,packet,B-TOOL
D2,chill,B-FEATURE
,,
D3,issues,O
D5,the,O
D2,no,O
D2,Nmap,B-FUNCTION
,,
D3,pen,B-SECURITYTEAM
D5,err,B-FEATURE
D3,as,O
D2,aka,O
D4,command,I-FUNCTION
D1,of,O
D3,in,O
D3,are,O
D2,information,B-DATA
D1,is,O
D4,target,I-SYSTEM
,,
D3,avoid,O
D3,departments,O
D4,can,O
D2,scan,I-TECHNIQUE
D3,cyber,B-SECURITYTEAM
D2,bit,I-DATA
D5,provide,O
D3,beginning,O
D2,Nmap,B-TOOL
D5,installed,O
D4,backdoor,B-ATTACK
D5,path,B-FEATURE
D5,can,O
D3,can,O
D2,Four,O
D3,around,O
D3,RST,B-DATA
D3,are,O
D4,will,O
D3,Most,O
D3,UDP,B-TECHNIQUE
,,
D4,ifconfig,B-FUNCTION
D3,resolution,I-FUNCTION
D2,to,O
D3,is,O
D2,can,O
D3,offers,O
D2,is,O
D4,port,B-TECHNIQUE
D3,the,O
D3,These,O
D3,various,O
D2,Nmap,B-TOOL
D5,lpr,B-SYSTEM
D4,user,B-APP
D5,messages,B-DATA
D1,packet,I-DATA
D5,panic,B-FEATURE
D2,with,O
D2,target,B-FEATURE
D3,section,O
,,
D5,Systems,B-SYSTEM
D2,using,O
D3,interfaces,B-APP
D1,sniff,B-TECHNIQUE
D3,TCP,B-FEATURE
D2,on,O
D4,NOP,B-FUNCTION
,,
D4,returns,O
D4,as,O
D1,Alert,I-TOOL
D3,glaring,O
D5,period,O
D2,script,I-FUNCTION
D3,scanning,B-TECHNIQUE
D4,NOP,B-FUNCTION
D3,UDP,B-FEATURE
D1,rules,I-FUNCTION
,,
D4,exploit,B-FUNCTION
D3,being,O
D5,all,O
D5,the,O
D4,machine,B-SYSTEM
D5,that,O
D2,skip,O
D1,Module,I-TOOL
D5,your,O
D3,The,O
D3,change,O
D5,resolution,I-TECHNIQUE
D5,this,O
D3,systems,I-TOOL
D3,allows,O
D2,to,O
D3,What,O
D3,scanning,I-TECHNIQUE
D3,RST,B-DATA
D4,the,O
D3,as,I-TECHNIQUE
D3,causes,O
,,
D3,rules,B-FUNCTION
D1,Ingress,B-FEATURE
D4,and,O
D3,come,O
D4,samba,B-SYSTEM
D2,port,I-DATA
D4,console,B-TOOL
D3,bytes,B-DATA
D2,the,O
D5,transmission,I-FEATURE
D3,of,O
D2,determine,O
D5,keywords,O
D2,customized,O
D5,you,O
D3,Some,O
D2,used,O
D2,a,O
D2,Nmap,B-TOOL
D2,is,O
D5,all,O
D5,the,O
D4,Scan,I-TECHNIQUE
D2,3rd,B-APP
D1,payload,I-FEATURE
,,
D4,multiple,O
D5,determine,O
D2,off,O
D3,this,O
D4,sessions,I-FEATURE
D2,DOS,B-ATTACK
D3,used,O
D2,ports,B-FEATURE
D3,target,B-SYSTEM
D3,paranoid,B-FEATURE
D3,a,O
D4,-,I-SYSTEM
D2,first,O
,,
D4,options,O
D2,There,O
D5,you,O
D3,This,O
D1,Snort,B-TOOL
D3,to,O
D5,distribution,I-SYSTEM
D3,files,I-DATA
D2,is,O
D4,can,O
D5,to,O
D3,can,O
D5,locally,O
D4,has,O
D4,command,B-FUNCTION
D4,by,O
D2,if,O
D2,makes,O
D5,priority,B-FEATURE
D2,they,O
D3,Nmap,B-TOOL
D5,to,O
D3,uses,O
D4,the,O
D2,ones,O
D2,a,O
,,
D1,Snort,B-FUNCTION
D3,ports,B-FEATURE
D3,are,O
D2,useful,O
D5,all,O
D2,discrete,O
D3,system,B-SYSTEM
D4,installed,B-FUNCTION
D4,will,O
D3,Attackers,B-ATTACKER
D1,conf,B-DATA
,,
D4,seen,O
D5,To,O
D2,live,B-SYSTEM
D4,the,O
D5,can,O
D5,client-server,B-SYSTEM
D2,services,B-FEATURE
D4,FTP,B-FEATURE
D2,device,I-SYSTEM
D3,key,O
D4,of,O
,,
D5,there,O
D3,this,O
D3,on,O
D5,if,O
D3,the,O
D2,flags,B-FEATURE
D2,one,O
D5,two,O
D4,Nmap,B-TOOL
D4,Rpcclient,B-TOOL
D2,particularly,O
,,
D5,machines,B-SYSTEM
D2,host,B-SYSTEM
D3,port,B-FEATURE
D1,user,B-FUNCTION
D3,mainly,O
D2,packet,I-DATA
D3,scan,I-TECHNIQUE
D3,IDS,B-TOOL
D2,to,O
D5,network,B-TECHNIQUE
D5,its,O
D3,at,O
D5,How,O
D5,the,O
D3,scripts,I-FUNCTION
D4,address,I-FEATURE
D4,operating,B-SYSTEM
,,
D4,the,O
D4,to,O
D5,store,O
D3,static,B-FEATURE
D2,hosts,I-SYSTEM
D2,of,O
D3,guys�,I-ATTACKER
D5,excessive,O
D2,a,O
D3,focus,O
D2,critical,O
D3,move,O
D4,the,O
D5,architecture,B-SYSTEM
D3,to,O
D3,are,O
D3,should,O
D2,map,B-FUNCTION
,,
D3,Engine,I-TOOL
D4,the,O
D2,received,B-FUNCTION
D3,infer,O
D3,match,O
,,
D2,data,B-DATA
D3,the,O
D3,have,O
D2,a,O
D4,Metasploit,B-TOOL
D4,the,O
D4,it,O
D2,RPC,I-VULNERABILITY
D5,allow,O
D3,and,O
D2,If,O
D3,blocked,B-FEATURE
D3,each,O
D5,to,O
D5,logs,B-DATA
D2,set,I-DATA
D4,Framework,I-TOOL
D2,your,O
D2,script,I-FUNCTION
D2,cause,O
D4,msfconsole,B-TOOL
D5,your,O
D5,a,O
D4,on,O
D4,Adobe,I-VULNERABILITY
D4,exploits,B-FUNCTION
,,
D5,common,O
D5,Set,O
D2,listening,B-FEATURE
D4,this,O
D3,those,O
D4,information,B-DATA
,,
D3,can,O
D4,be,O
D5,syslog,B-APP
D5,or,O
D4,show,B-FUNCTION
D3,target,B-SYSTEM
D3,side,O
D3,attackers,B-ATTACKER
D4,2,I-SYSTEM
D2,to,O
D2,IP,B-FEATURE
D4,Perl,B-TOOL
D4,Framework,I-TOOL
D3,rules,I-FUNCTION
D5,the,O
D5,and,O
D5,of,O
D1,has,O
D5,Syslog,B-TOOL
D4,to,O
D3,detect,B-TECHNIQUE
D3,and,O
D2,Scan,I-TECHNIQUE
D4,The,O
D2,the,O
D5,Assume,O
D2,is,O
D4,parameters,I-FEATURE
D5,System,B-DATA
D3,vulnerabilities,B-VULNERABILITY
D4,set,O
D2,zombie,B-SYSTEM
D4,change,O
D4,them,O
D4,that,O
D4,from,O
D2,SYN,B-TECHNIQUE
D3,ACK,B-TECHNIQUE
D5,not,O
D5,514,I-FEATURE
D5,anymore,O
D3,utterly,O
D2,from,O
D4,change,O
D3,pen,B-SECURITYTEAM
D2,target,B-FEATURE
D4,the,O
D3,major,O
D3,to,O
D3,decoys,B-TECHNIQUE
D3,flooding,B-ATTACK
D4,module,B-TOOL
D2,can,O
,,
D1,system,B-DATA
D3,given,O
D3,own,O
D4,The,O
D3,both,O
D2,perform,O
D2,for,O
D3,the,O
D3,don�t,O
D3,port-unreachable,B-FEATURE
D2,OS,B-TECHNIQUE
D5,may,O
D3,in,O
D2,hosts,B-SYSTEM
D3,is,O
D3,error,I-DATA
D5,messages,B-DATA
D3,the,O
D5,available,O
D4,open,B-FEATURE
D3,more,O
D2,program,O
D5,going,O
D4,and,O
D2,hacker,B-ATTACKER
D1,rules,B-FUNCTION
D5,kern,B-APP
,,
D2,protect,O
,,
D3,more,O
D4,return,O
D5,to,O
D1,pattern,B-FEATURE
D3,or,O
D5,can,O
D4,the,O
D2,on,O
D2,is,O
D3,testing,B-FUNCTION
D2,with,O
D3,they,O
D2,Nmap,B-TOOL
D2,Depending,O
D4,for,O
D2,the,O
D3,the,O
D3,performing,O
D3,GW,O
D5,to,O
D4,When,O
D4,the,O
D3,Nmap,B-TOOL
D3,these,O
,,
D3,advised,O
,,
D3,or,O
D4,an,O
D1,FTP,B-VULNERABILITY
D5,from,O
D2,being,O
D3,can,O
D2,returned,O
D1,detects,B-TECHNIQUE
D3,source,B-SYSTEM
D3,is,O
D4,As,O
D3,to,O
D3,be,O
D4,to,O
D4,the,O
D3,many,O
D3,the,O
D2,help,O
D5,they,O
D4,sled,I-FUNCTION
D5,log,B-FEATURE
D4,targets,B-SYSTEM
D4,back,O
D4,which,O
D3,explores,O
D2,in,O
D1,can,O
D3,only,O
D3,the,O
D4,some,O
D4,example,O
D4,suspect,O
D5,from,O
D3,triggered,B-FEATURE
,,
D3,the,O
D5,for,O
D2,port,I-FEATURE
D3,or,O
D3,minutes,O
D3,on,O
D4,look,O
D3,policies,O
D5,forwarding,B-FEATURE
D5,level,O
D4,Kali,B-SYSTEM
D4,We,O
D5,going,O
D2,has,O
D3,by,O
D4,the,O
D4,vulnerabilities,B-VULNERABILITY
D4,the,O
D5,longer,O
D4,option,O
D2,since,O
D4,vulnerable,B-VULNERABILITY
D4,system,B-SYSTEM
D2,on,O
,,
D4,you,O
D5,fields,B-FEATURE
D5,of,O
D5,For,O
D5,single,O
D5,can,O
D3,running,O
D3,prevention,I-TOOL
D2,your,O
D3,to,O
D3,network,B-DATA
D5,every,O
D3,and,O
D4,SSH,B-APP
D2,an,O
D4,enumeration,I-TECHNIQUE
D3,trying,O
D2,available,O
D1,also,O
D3,connections,I-FEATURE
D4,vulnerable,B-VULNERABILITY
D2,and,O
D3,service,B-APP
,,
D5,a,O
D3,evading,B-TECHNIQUE
D3,lab,O
D2,reasons,O
D2,a,O
D2,mapper,I-FEATURE
D5,they,O
D3,make,O
D5,accessing,O
D5,own,O
D5,and,O
D5,will,O
D2,default,B-FEATURE
D3,to,O
D4,users,B-USER
D5,Compared,O
D1,using,O
D2,Not,O
D3,negative,B-FEATURE
D2,-,O
D4,600,O
D2,from,O
D3,There,O
D2,via,O
D3,and,O
D4,the,O
D2,security,I-TECHNIQUE
,,
D2,kind,O
,,
D3,on,O
,,
D2,going,O
D4,Metasploit,B-TOOL
D2,using,O
D3,set,I-DATA
D3,against,O
D3,as,O
,,
D4,msfconsole,B-TOOL
D2,services,B-APP
D2,we,O
D3,Client,B-SYSTEM
D3,Metasploitable-2,B-SYSTEM
D3,snort,B-TOOL
D3,up,O
D5,ability,O
D2,to,O
D2,machine,I-SYSTEM
D2,v,O
D4,information,B-DATA
D1,the,O
D2,petitions,O
D4,to,O
D2,the,O
D2,RPC,B-FUNCTION
D3,morphed,O
D3,of,O
D2,incremented,O
D4,to,O
D5,most,O
D2,port,B-TECHNIQUE
D2,connected,B-SYSTEM
D3,needs,O
D5,to,O
D2,Systems,I-TOOL
D3,configuration,B-DATA
D2,with,O
D2,a,O
D3,task,O
D4,to,O
D2,RST,B-DATA
D5,logs,B-DATA
D2,-,O
D2,derive,O
D2,the,O
D3,configurations,B-FEATURE
D5,auth,B-FEATURE
D3,pentest,B-TECHNIQUE
D2,exploitation,I-TECHNIQUE
D2,be,O
D5,a,O
D1,can,O
D5,authlog,B-DATA
D4,to,O
D4,name,O
D2,their,O
D3,to,O
D3,OS,B-TECHNIQUE
D5,implementation,O
D4,password,B-FEATURE
D3,Location:,O
D2,way,O
D5,specifies,O
D2,range,O
D4,against,O
,,
D5,your,O
D3,three,O
D3,Nmap,B-TOOL
D2,to,O
,,
D3,the,O
D3,and,O
D1,Snort,B-TOOL
D3,the,O
D2,the,O
D4,In,O
D4,or,O
,,
D2,of,O
D5,terminals,B-SYSTEM
D2,if,O
D2,through,O
D4,the,O
D3,rules,I-FUNCTION
D2,to,O
D3,scanned,I-TECHNIQUE
D4,to,O
D2,library,O
D3,of,O
D5,to,O
D4,the,O
D5,disk,B-DATA
D4,the,O
D5,in,O
D2,send,O
D4,added,O
D3,networking,B-SYSTEM
D2,safe,B-FUNCTION
D2,especially,O
D5,troubleshoot,B-TECHNIQUE
D3,proxied,B-SYSTEM
D1,modify,O
D3,different,O
D4,Metasploit,B-TOOL
D3,careful,O
D3,to,O
D4,you,O
,,
D3,of,O
D4,will,O
D3,rejecting,O
D2,discovery,I-TECHNIQUE
D2,can,O
D3,It,O
D3,those,O
D3,RST,B-DATA
D3,that,O
D3,Gateway,B-SYSTEM
D3,rules,I-FUNCTION
D3,or,O
D3,system,I-SYSTEM
D5,parts,O
D2,provides,O
D5,anymore,O
D4,SRVHOST,B-FEATURE
D5,Redirect,O
D5,for,O
D3,based,O
D5,Ubuntu,B-SYSTEM
D2,Nmap,B-TOOL
D2,pattern,O
D3,setup,B-SYSTEM
D3,obtaining,O
D5,that,O
D3,the,O
D4,scan,B-TECHNIQUE
D5,and,O
D2,are,O
D2,many,O
D3,the,O
D5,be,O
D5,be,O
D2,services,B-APP
D3,T,O
D5,single,O
D4,multiple,O
D2,1/sec,O
D4,can,O
,,
D4,By,O
D2,will,O
D2,part,O
D4,box,I-SYSTEM
D3,from,O
D2,tell,O
D3,understand,O
D1,Firewall,B-TOOL
D2,established,B-FEATURE
D4,Apache,B-SYSTEM
D3,four,O
D3,hacking,B-TECHNIQUE
D3,port,B-FEATURE
D2,an,O
D3,IDS,B-TECHNIQUE
D3,network,B-TECHNIQUE
D2,Nmap,B-TOOL
D2,the,O
D4,scripts,I-FUNCTION
D3,forge,B-VULNERABILITY
D3,cyberdefense,B-TECHNIQUE
D5,sections,O
D3,do,O
D3,dropped,B-DATA
,,
D2,results,O
D2,send,O
D3,connection,B-FEATURE
D4,Linux,B-SYSTEM
D4,run,O
D3,enumerated,O
D5,checking,O
D2,initial,O
D2,router,B-SYSTEM
D3,using,O
,,
,,
D2,send,O
D2,the,O
D4,is,O
D3,can,O
D2,firewall,B-TOOL
D3,pentest,B-TECHNIQUE
D4,find,O
D2,TRUE,O
D2,Nmap,B-TOOL
D4,can,O
D5,and,O
D2,out,I-FEATURE
D2,most,O
D2,should,O
D5,is,O
D5,messages,B-DATA
D2,used,O
D2,the,O
D3,to,O
D5,syntax,O
,,
D3,rule,I-FUNCTION
D4,an,O
D3,on,O
D2,used,O
D4,for,O
D2,is,O
D2,Open,B-FEATURE
D3,and,I-TECHNIQUE
D2,and,O
D5,user,B-USER
D2,the,O
D4,In,O
D2,for,O
D4,can,O
D2,port,B-TOOL
D4,used,O
D2,flags,I-FEATURE
D5,system,B-DATA
D5,news,B-FEATURE
D5,one,O
D3,ACK,B-DATA
D5,to,O
D3,sequences,O
D2,Otherwise,O
D4,initialized,O
D2,Most,O
D3,set,I-DATA
,,
D5,logs,B-DATA
D3,report,O
D3,firewalls,B-TOOL
D3,past,I-TECHNIQUE
D2,detection,B-TECHNIQUE
D5,C,I-APP
D2,they,O
D4,The,O
D4,you,O
,,
D4,see,O
D2,RESET,B-DATA
D4,module,B-FUNCTION
D3,packets,I-DATA
D3,IP,B-FEATURE
D3,to,O
D3,option,O
D2,response,B-FEATURE
D3,and,O
D1,logger,I-TOOL
D4,a,O
D3,the,O
D4,which,O
D3,version,B-TECHNIQUE
D5,with,O
D3,ICMP,B-DATA
D3,they,O
D2,about,O
D4,exploits,B-FUNCTION
D2,may,O
D1,Egress,B-FEATURE
,,
D2,must,O
D3,to,O
D3,snort,B-TOOL
D5,facility,B-SYSTEM
D2,familiar,O
D5,forward,O
D2,machines,I-SYSTEM
,,
D3,ports,B-FEATURE
D1,is,O
D2,very,O
D5,host,I-SYSTEM
,,
D5,use,O
D2,avoid,O
D3,or,O
D3,to,O
D5,log,B-DATA
D5,that,O
D1,sniff,B-TECHNIQUE
D3,platforms,B-SYSTEM
D4,available,O
D2,web,B-SYSTEM
D5,get,O
D2,of,O
D4,an,O
D4,you,O
D2,If,O
D3,IDS,B-TOOL
D3,how,O
D2,to,O
D4,a,O
D3,Note,O
D4,the,O
D3,if,O
D1,alerts,B-FEATURE
D4,we,O
D3,the,O
D2,also,O
D2,for,O
D3,tools,B-TOOL
,,
D3,firewall,B-TOOL
D4,session,I-FEATURE
D3,the,O
D2,have,O
D3,3,O
D4,The,O
D3,and,O
,,
D3,a,O
D5,the,O
D4,exploit,B-FUNCTION
D2,a,O
D2,machines,B-SYSTEM
D2,3-way,B-TECHNIQUE
D3,disable,O
D2,detections,I-TECHNIQUE
D2,ports,I-FEATURE
D4,system,I-SYSTEM
D3,must,O
D3,do,O
D3,unexpected,O
D3,is,O
D3,provided,O
,,
D3,commands,B-FUNCTION
D3,recognize,O
,,
D2,UDP,B-DATA
D5,node,B-SYSTEM
D3,There,O
D5,clients,B-SYSTEM
D3,scan,I-TECHNIQUE
D5,the,O
D2,on,O
D2,scanner,I-TOOL
D5,file,I-DATA
D4,vulnerability,B-VULNERABILITY
D2,example,O
D4,Let�s,O
D4,then,O
D3,including,O
D5,client,B-SYSTEM
D3,VM,B-SYSTEM
D2,an,O
D3,from,O
D3,TCP,B-FEATURE
D2,-,O
D3,which,O
D5,Now,O
D4,the,O
D3,to,O
D3,to,O
D5,second,O
,,
D4,show,O
D2,but,O
D3,bad,B-ATTACKER
D3,the,O
D2,the,O
D2,network,B-SYSTEM
D5,place,O
D3,pentesting,O
D4,such,O
,,
D2,a,O
D3,the,O
,,
D1,incoming,B-DATA
D5,that,O
D3,list,O
,,
D3,and,O
D3,assess,B-TECHNIQUE
D3,assess,B-TECHNIQUE
,,
,,
D4,purpose,O
D4,which,O
,,
D3,of,O
D2,are,O
D4,the,O
D3,can,O
D3,be,O
D2,if,O
D4,range,O
D2,the,O
D5,a,O
D4,to,O
D3,TCP,B-DATA
D3,with,O
D3,mimicking,O
D3,activities,I-TECHNIQUE
D2,ACK,B-DATA
D5,Similarly,O
,,
D2,can,O
D4,The,O
,,
,,
D1,as,O
D5,used,O
D1,can,O
D5,may,O
D5,is,O
,,
D4,attacks,B-ATTACK
D2,script,B-FUNCTION
D3,is,O
D4,steal,B-TECHNIQUE
D4,penetrations,B-SECURITYTEAM
,,
D1,set,O
D2,Safe,B-FEATURE
D3,the,O
D3,service,B-APP
D2,site,B-SYSTEM
D2,scanning,I-TECHNIQUE
D5,for,O
D4,write,O
D5,server,I-SYSTEM
D4,writing,O
D3,the,O
D5,for,O
D2,then,O
D2,is,O
D3,way,O
D4,commands,B-FUNCTION
D2,3-way,B-TECHNIQUE
D4,a,O
D2,a,O
,,
D3,features,O
D3,analysis,O
,,
D2,services,I-APP
D3,and,O
D5,the,O
D2,some,O
D2,Port,I-DATA
D2,opens,B-FEATURE
D4,that,O
D5,as,O
,,
D2,of,O
D3,the,O
,,
D2,more,O
,,
D4,in,O
D3,every,O
D4,use,O
D1,good,O
D4,the,O
D5,to,O
D2,depending,O
D3,the,O
D3,maximally,O
D3,that,O
D2,network,B-TECHNIQUE
D4,DNS,B-FUNCTION
D4,stable,O
D2,to,O
D2,against,O
D4,services,B-APP
D2,also,O
D1,can,O
D4,can,O
D5,syslog,B-TOOL
D2,A,O
D5,remote,B-SYSTEM
D4,named,O
D2,when,O
D3,scan,I-TECHNIQUE
D3,they,O
,,
D4,core,O
D4,scan,I-TECHNIQUE
D2,stealthy,B-TECHNIQUE
D3,is,O
D5,is,O
D3,address,B-FEATURE
D2,program,B-FUNCTION
D2,These,O
D2,that,O
D3,ACK,B-DATA
D3,will,O
D3,the,O
D4,run,O
D3,If,O
,,
D5,applications,B-APP
D2,default,B-FEATURE
D3,of,O
D3,sufficient,O
D5,syslogd,B-DATA
D2,source,I-FEATURE
D3,options,O
D5,you,O
D2,scripts,B-FUNCTION
,,
D4,taken,O
D3,as,O
D4,When,O
D2,not,O
D4,will,O
D4,you,O
D3,DNS,B-SYSTEM
D3,or,O
D4,execution,O
D3,the,O
D3,pentest,B-TECHNIQUE
D3,scanning,B-TECHNIQUE
D3,is,O
D3,danger,O
D1,SYN,I-DATA
D5,field,I-FEATURE
D5,if,O
D4,security,B-VULNERABILITY
D5,installed,B-FUNCTION
D2,all,O
D3,to,O
D5,auth,B-FEATURE
D2,a,O
D3,goal,O
D5,error,B-DATA
D1,Snort,B-FUNCTION
D2,Tries,O
D2,completes,O
D3,the,O
D5,they,O
D4,exploit,B-FEATURE
D4,at,O
D3,SYN,B-DATA
D3,send,O
D4,therefore,O
D2,state,I-FEATURE
D1,Decoder,I-TOOL
D3,packet,I-DATA
D4,ie,O
D2,when,O
D2,Nmap,B-TOOL
D3,needs,O
,,
D2,NSE,B-TOOL
D4,interface,B-APP
D3,performance,I-TECHNIQUE
D2,ports,I-FEATURE
D3,whether,O
D4,a,O
,,
D3,set,O
D5,facilities,O
D4,new,O
D3,detected,B-TECHNIQUE
D5,the,O
D4,Ubuntu,B-SYSTEM
D3,common,O
D3,in,O
D3,where,O
D4,NOP,B-FUNCTION
D3,tiny,B-FEATURE
D3,the,O
,,
D3,or,O
D3,performance,B-TECHNIQUE
D5,the,O
D2,leaving,O
D2,target,B-SYSTEM
D2,doesn�t,O
D5,by,O
D2,SYN,B-TECHNIQUE
D2,TCP/UDP,B-FEATURE
D3,connect,O
D3,is,O
D3,The,O
,,
D2,straightforward,O
D5,Now,O
D2,run,B-FUNCTION
D3,using:,O
D3,can,O
D4,command,B-TOOL
D3,it,O
,,
,,
D5,rules,B-FUNCTION
D2,tools,B-TOOL
D5,rule,B-FUNCTION
D2,a,O
D3,firewall,B-TOOL
,,
D1,Packet,B-FEATURE
D3,send,O
D5,Self-determination,O
D4,set,O
D4,the,O
D5,main,O
D2,solution,O
,,
,,
D4,one,O
D5,as,O
D4,interface,I-APP
D4,Metasploitable,B-SYSTEM
D5,machine,B-SYSTEM
D2,packet,I-DATA
D4,the,O
D2,ID,I-FEATURE
D3,take,O
D2,you,O
D5,contain,O
D3,Nmap,B-TOOL
D4,of,O
D4,is,O
D2,on,O
D3,UDP,B-FEATURE
D3,closed,B-FEATURE
D3,Whether,O
D5,create,O
D4,dock,B-APP
,,
D2,connections,I-FEATURE
D1,Snort,B-TOOL
D3,a,O
D3,blacklist,B-FEATURE
D5,detection,B-TECHNIQUE
D3,security,B-TECHNIQUE
D2,designed,O
D3,administrator�s,B-SECURITYTEAM
D2,what,O
D2,get,O
D3,to,O
D3,actions,O
D3,you,O
D3,incoming,B-FEATURE
D2,The,O
D4,to,O
D5,neither,O
D2,don�t,O
D4,yourself,O
D3,a,O
D2,down,I-FEATURE
D2,and,O
D5,for,O
D3,of,O
D4,can,O
D4,Nmap,B-TOOL
D3,the,O
,,
D3,run,O
D3,does,O
D3,The,O
D2,connections,I-FEATURE
D2,sends,O
D2,rest,O
D4,use,O
,,
D3,The,O
D5,are,O
D4,the,O
,,
D5,therefore,O
D4,generator,I-FUNCTION
D5,takes,O
D3,packets,B-DATA
D2,scan,I-TECHNIQUE
D2,hosts,B-SYSTEM
D2,of,O
,,
D3,probably,O
D2,to,O
D5,the,O
D5,listen,O
D5,is,O
D3,Systems,I-TOOL
D2,does,O
D2,like,O
D5,missing,O
,,
D4,To,O
D3,report,O
D3,IDS,B-TOOL
D5,logging,I-SYSTEM
D3,but,O
D5,message,I-DATA
D3,the,O
D2,be,O
D2,For,O
D3,changes,O
D4,The,O
D3,key,O
D4,1500,O
D2,types,O
D4,known,O
D1,read,O
D5,the,O
D3,knowledge,O
D5,the,O
D5,belonging,O
D4,and,O
D4,lab,O
D2,on,O
D4,have,O
D3,attack,B-ATTACK
D4,run,O
D2,OS,B-SYSTEM
D5,centralized,B-SYSTEM
D5,Selectors,B-FEATURE
D1,be,O
D3,fragment,B-FEATURE
D3,Nmap,B-TOOL
D3,about,O
D3,we,O
D3,on,O
D3,the,O
D4,which,O
,,
D5,on,O
D4,for,O
D2,Nmap,B-TOOL
D2,name,O
D5,data,B-DATA
D4,target,B-SYSTEM
D2,scan,I-TECHNIQUE
D2,ACK,I-DATA
,,
D4,a,O
D3,scan,I-TECHNIQUE
D3,and,O
,,
D2,own,O
D4,the,O
D3,the,O
D4,The,O
D2,it,O
D4,The,O
D4,provide,O
D2,tool,B-TOOL
D3,Scatter,O
D5,keyword,O
D3,scans,B-TECHNIQUE
D2,will,O
D5,be,O
D2,UDP,B-TECHNIQUE
D3,an,O
D5,all,O
D5,messages,B-DATA
D2,IP,B-FEATURE
D4,is,O
D3,respond,O
D5,following,O
,,
D3,IP,B-FEATURE
D5,defines,O
D2,connection,B-FEATURE
D3,stateless,B-FEATURE
D5,The,O
D2,port,I-FEATURE
D4,the,O
,,
D2,be,O
D4,selected,O
D2,testing,B-FUNCTION
D2,packets,I-DATA
D4,on,O
D3,the,O
D2,also,O
D3,slow,B-FEATURE
D2,will,O
D2,to,O
D4,executed,O
D2,with,O
D4,as,O
,,
D5,lower,O
D2,open,B-FEATURE
D2,attacks,I-ATTACK
D3,on,O
D3,ICMP,B-DATA
D5,auth,B-FEATURE
D2,This,O
D5,Moreover,O
,,
D3,can,O
D1,to,O
D2,own,O
D4,msfconsole,B-TOOL
D3,level,O
,,
D5,syslog,B-TOOL
D2,handshake,I-TECHNIQUE
,,
D5,that,O
D5,single-point,B-FEATURE
D1,using,O
D5,have,O
D2,ongoing,O
D2,websites,I-SYSTEM
D2,Nmap,B-FUNCTION
D3,the,O
D2,target,B-SYSTEM
D4,and,O
D2,-,O
D3,port,B-FEATURE
D5,or,O
D4,be,O
D4,setup,B-SYSTEM
D4,context,O
D3,a,O
D1,alert,I-TOOL
D2,or,O
D5,to,O
D2,network,B-TECHNIQUE
,,
D2,UDP,B-FEATURE
D2,RPC,B-FUNCTION
D3,intrusion,B-TOOL
D2,an,O
D1,real,O
D2,less,O
D2,allow,O
D2,basic,I-FEATURE
D2,scan,I-TECHNIQUE
D2,FIN,B-FEATURE
D2,many,O
D3,do,O
D5,log,I-DATA
D2,over,O
D3,task,O
D5,transmission,I-FEATURE
D5,/etc/rsyslogd/,B-FEATURE
D2,probe,B-TECHNIQUE
D3,and,O
D4,in,O
D4,the,O
D3,source,B-SYSTEM
D2,FALSE,B-FEATURE
D5,switch,I-FUNCTION
D2,port,I-FEATURE
D3,down,O
,,
D3,closed,B-FEATURE
D4,a,O
D3,that,O
D3,changes,O
D2,send,O
D5,Log,B-FUNCTION
D3,in,O
,,
D5,logged,B-FUNCTION
D5,send,O
D5,if,O
D2,Scripts,B-FUNCTION
D3,what,O
D2,a,O
D3,DNS,I-FUNCTION
D3,the,O
D4,a,O
D1,Ingress,B-FEATURE
D2,related,O
D5,may,O
D3,detected,B-TECHNIQUE
D4,and,O
D3,tester,I-SECURITYTEAM
D3,following,O
D2,scan,I-TECHNIQUE
D5,rsyslogd,B-DATA
D3,permitted,O
D4,about,O
D2,an,O
D3,113,I-FEATURE
D5,network,B-SYSTEM
D3,how,O
D2,a,O
D3,RST,B-DATA
D2,host,I-SYSTEM
D2,RST,I-FEATURE
D2,services,I-VULNERABILITY
D3,spoofed,B-VULNERABILITY
D4,Metasploit,B-TOOL
D2,uses,O
D3,ICMP,B-DATA
D3,Intrusion,B-TOOL
D3,misuse,O
D3,fragments,I-FEATURE
D1,can,O
D2,are,O
D2,what,O
D3,following,O
D3,to,O
D4,and,O
D5,severity,B-FEATURE
D3,sniff,B-TECHNIQUE
D4,evasion,I-FUNCTION
D2,RESET,B-FEATURE
D3,how,O
D3,environment,I-SYSTEM
D3,default,O
D2,IP,B-FEATURE
D3,TCP,B-FEATURE
,,
D2,other,O
D5,logs,B-DATA
D3,try,O
D5,the,O
D2,Secondly,O
D2,set,O
D4,the,O
D3,of,O
D3,in,O
D4,advanced,B-FEATURE
D5,each,O
D5,log,B-DATA
D3,the,O
D3,they,O
D4,and,O
D3,is,O
D4,access,O
D2,enterprise-scale,B-SYSTEM
D4,line,I-TOOL
D3,for,O
D4,system,I-SYSTEM
D3,attackers,B-ATTACKER
D2,that,O
D2,use,B-FEATURE
D3,Gateway,B-SYSTEM
D3,network,I-TECHNIQUE
D2,identify,O
D4,use,O
D2,scan,B-TECHNIQUE
D4,To,O
D3,can,O
D2,port,I-FEATURE
D1,tested,O
D3,and,O
D5,rsyslog,B-TOOL
D2,it,O
D4,to,O
D4,msfconsole,B-TOOL
D3,Firewalls,B-TOOL
D2,scripts,B-FUNCTION
D4,command,I-FUNCTION
D4,exploit,I-VULNERABILITY
D4,show,B-FUNCTION
D5,down,O
D4,on,O
D3,appropriate,O
D3,an,O
D2,wide,O
D4,names,B-FEATURE
D5,the,O
D3,may,O
D5,properties,O
,,
D5,firewall,B-TOOL
D3,port,B-FEATURE
D2,an,O
D5,be,O
,,
D3,ACK,B-DATA
D2,Used,O
D5,of,O
D3,option,O
D5,this,O
D4,and,O
D4,line,I-TOOL
,,
D2,These,O
D3,During,O
D4,by,O
D2,responses,B-FEATURE
D2,unnecessary,O
D5,on,O
D5,authpriv,B-FEATURE
D3,systems,I-SYSTEM
D3,filtered,B-FEATURE
D5,Ubuntu,B-SYSTEM
D3,attacks,I-ATTACK
D3,commas,O
D4,can,O
,,
D4,Metasploit,B-TOOL
D2,is,O
D1,underlying,O
D2,a,O
,,
D4,saw,O
D4,is,O
D3,3,O
D4,the,O
D3,can,O
D4,how,O
,,
D2,has,O
D2,connection,I-FEATURE
D5,are,O
D5,local7,B-FEATURE
D3,any,O
D3,can,O
D2,is,O
D5,is,O
D4,and,O
D2,open,B-FEATURE
D2,listening,B-FEATURE
,,
D4,the,O
D4,it,O
D3,with,O
D2,active,B-FEATURE
D3,The,O
D3,implication,O
D3,Pentesting,B-TECHNIQUE
D2,perfect,O
D5,and,O
D1,system,B-DATA
D3,more,O
D4,learn,O
D3,for,O
D3,as,O
D3,but,O
D2,Malware,B-TECHNIQUE
D4,execute,O
D5,every,O
D3,setup,B-SYSTEM
D2,running,O
D2,can,O
D2,filtering,I-TECHNIQUE
,,
D5,syslogd,B-DATA
D3,to,O
D3,You,O
D2,individual,O
D5,Multiple,O
D2,Nmap,B-TOOL
D1,different,O
,,
D2,personal,B-SYSTEM
D3,packets,I-DATA
D4,The,O
D3,modify,O
D4,payloads,B-DATA
D3,by,O
D3,traffic,B-DATA
D4,target,B-SYSTEM
,,
D4,opaqueBackground,I-VULNERABILITY
D4,mentioned,O
,,
D4,you,O
D3,The,O
D2,of,O
D1,client,B-SYSTEM
D4,target,B-SYSTEM
D3,wont,O
D3,probe,B-TECHNIQUE
D3,only,O
D2,to,O
D1,Snort,B-TOOL
,,
D3,packets,I-DATA
D5,Each,O
D2,and,O
D2,set,O
D2,such,O
D2,respond,B-FEATURE
D2,generates,O
D3,for,O
D3,firewall,B-TOOL
D2,scan,I-TECHNIQUE
D3,target,B-SYSTEM
D1,home,B-SYSTEM
D2,of,O
D2,also,O
D5,is,O
D2,intentionally,O
D4,description,B-FEATURE
D2,host,B-SYSTEM
D3,you,O
D3,connection,B-FEATURE
D2,remote,B-FUNCTION
D2,can,O
,,
D2,You,O
D4,Flash,B-VULNERABILITY
D3,sit,O
D2,data,B-DATA
D3,since,O
D4,that,O
D5,basic,O
D2,script,I-FUNCTION
D3,20,O
D2,assumed,O
D3,clever,O
D3,used,O
D2,Set,O
D2,script,I-FUNCTION
D5,notice,B-DATA
D3,string,O
D5,to,O
D3,interact,O
D5,in,O
D4,to,O
D2,and,O
D1,data,B-DATA
,,
D2,because,O
D3,the,O
D3,innocent,O
D2,tasks,O
D3,the,O
D2,an,O
,,
,,
D5,Log,B-FUNCTION
D5,system,I-SYSTEM
D5,taken,O
D3,five,O
D3,including,O
D4,445,I-FEATURE
D2,the,O
D3,consecutively,O
D2,default,B-FUNCTION
D3,respond,O
D1,Intrusion,B-TECHNIQUE
,,
D5,all,O
,,
D5,it,O
D4,and,O
D2,packet,I-DATA
D5,by,O
D4,Metasploit,B-TOOL
D3,machine,B-SYSTEM
D3,cases,O
D2,there,O
D4,target,B-SYSTEM
D2,This,O
D3,SYN,B-TECHNIQUE
D2,scan,I-TECHNIQUE
D2,are,O
D3,you,O
D5,specify,O
D3,are,O
D2,Unreachable,I-DATA
D3,probes,B-TECHNIQUE
D3,like,O
D2,service,I-FEATURE
D2,been,O
D2,target,B-SYSTEM
D4,Metasploitable,B-SYSTEM
D3,all,O
D3,it,O
D2,,B-TECHNIQUE
D4,as,O
D2,through,O
D4,Therefore,O
D4,of,O
D2,their,O
D4,exploits,B-FUNCTION
D3,bit,I-DATA
,,
D2,want,O
D3,used,O
D3,timing,B-FEATURE
D4,use,O
D3,these,O
D3,of,O
D2,security,B-TECHNIQUE
D4,a,O
D2,or,O
D4,you,O
D2,to,O
D4,software,I-APP
D2,target,B-SYSTEM
D3,identify,O
D2,using,O
D3,are,O
D3,a,O
D3,identify,O
D5,severity,B-FEATURE
,,
D3,our,O
D2,an,O
D3,step,O
D2,URG,B-FEATURE
D2,Lua,B-TOOL
D3,identify,O
D2,powerful,O
D3,Node,I-SYSTEM
D3,notice,O
D2,have,O
D4,in,O
,,
D1,analyze,O
D3,since,O
D5,with,O
D3,as,O
D3,the,O
D4,the,O
D1,Snort,B-TOOL
D3,attackers,B-ATTACKER
D2,is,O
D4,show,O
D2,is,O
D3,helpful,O
D2,target,B-FEATURE
D5,analyze,O
D3,security,B-VULNERABILITY
D3,inspect,B-TECHNIQUE
D5,user,B-USER
D5,the,O
,,
D3,security,I-TECHNIQUE
D2,whole,O
D5,can,O
D4,which,O
D3,need,O
,,
D3,F,O
D4,,B-FEATURE
D5,internal,O
D4,options,O
,,
D3,close,B-FEATURE
D3,sent,O
D3,responding,O
D2,the,O
D2,will,O
D2,use,O
D3,firewall,B-FUNCTION
D2,that,O
D3,application,B-APP
D4,selected,O
D4,the,O
D4,system,I-SYSTEM
D4,up,O
D3,covered,O
D3,long,O
D3,requests,I-FEATURE
D3,Start,O
D2,TCP,B-FEATURE
D3,than,O
D5,the,O
D4,a,O
D5,these,O
D5,instead,O
D1,Wireshark,B-TOOL
D5,have,O
D4,be,O
D3,Metasploitable,B-SYSTEM
D2,with,O
D4,228,I-SYSTEM
D2,scan,B-TECHNIQUE
D4,the,O
D3,behaviors,O
D3,to,O
D4,important,O
D2,is,O
D3,Where,O
D3,develop,O
D2,really,O
D4,our,O
D3,response,B-DATA
D3,RFC,B-FEATURE
D4,machine,I-SYSTEM
D2,HTTP-brute,B-FUNCTION
D4,or,O
D3,firewall,B-TOOL
D2,to,O
D4,tools,B-TOOL
D3,firewall,B-FUNCTION
D1,be,O
D2,Service,B-FUNCTION
D2,of,O
D3,systems,I-TOOL
D2,emulating,O
D4,scans,B-TECHNIQUE
D4,Metasploit,B-TOOL
D2,handshake,I-TECHNIQUE
D4,discover,B-TECHNIQUE
D5,vendors,B-USER
D4,in,O
D3,RST,B-DATA
D4,run,B-FUNCTION
D4,on,O
,,
,,
,,
D2,users,B-USER
D2,raw,B-DATA
D3,lab,O
D5,appropriate,O
D2,and,O
D2,is,O
D2,zombie,B-SYSTEM
D3,acknowledgment,O
D4,modules,B-TOOL
D2,show,O
D3,even,O
D3,reported,O
D4,running,O
D2,or,O
D3,detect,B-TECHNIQUE
,,
D5,You,O
D5,descriptions,B-FEATURE
D2,scanning,I-TECHNIQUE
D4,Metasploitable,B-SYSTEM
D2,stop,O
D2,to,O
D2,them,O
D3,how,O
D2,address,I-FEATURE
,,
,,
D2,and,O
D4,from,O
D3,to,O
D5,If,O
D5,specifies,O
D2,a,O
D3,given,O
D3,to,O
D4,any,O
D5,warn,B-FEATURE
D4,to,O
D2,the,O
D3,area,O
D2,Nmap,B-TOOL
D2,to,O
D3,vulnerabilities,I-VULNERABILITY
D3,scan,I-TECHNIQUE
D2,all,O
D3,check,O
D2,finished,O
D1,as,O
D4,system,B-SYSTEM
D4,command,B-FUNCTION
D5,rules,I-FUNCTION
,,
D2,positives,I-FEATURE
D3,firewall,B-TOOL
,,
D3,those,O
D4,you,O
D3,likely,O
D4,script,I-FUNCTION
,,
D2,scripts,I-FUNCTION
D4,of,O
D2,if,O
D5,log-level,B-FUNCTION
D3,provided,O
D2,if,O
D2,use,O
D5,set,O
D2,handshake,B-TECHNIQUE
D3,faster,O
D5,facility,B-SYSTEM
D4,run,O
D4,Then,O
D4,in,O
D5,failure,I-FEATURE
D5,are,O
D2,for,O
D3,offers,O
D3,especially,O
D3,that,O
D4,built,O
D3,ones,O
D2,live,B-SYSTEM
D5,the,O
D2,trigger,O
D2,home,B-SYSTEM
D3,sends,O
D4,listening,O
D2,closes,O
D3,ports,B-FEATURE
,,
D3,usually,O
D2,essentially,O
D5,following,O
D5,a,O
D2,vulnerabilities,I-VULNERABILITY
D3,the,O
D3,on,O
D2,them,O
D5,in,O
D3,network,B-SYSTEM
D2,out,I-FEATURE
D2,filtered,B-FEATURE
D4,the,O
D5,to,O
D4,you,O
D3,from,O
D5,To,O
D4,best-known,O
D3,the,O
D4,player,I-TOOL
D1,in,O
D3,response,I-FEATURE
D3,do,O
D3,firewall,B-FUNCTION
D3,proxying,I-SYSTEM
D3,of,O
D4,an,O
D2,the,O
D2,commands,B-FUNCTION
D3,ports,B-FEATURE
D2,and,O
D2,the,O
D4,NOP,B-FUNCTION
D4,following,O
D3,example,O
D3,ACK,B-TECHNIQUE
D4,is,O
D2,2,I-SYSTEM
,,
D5,syslog,B-TOOL
,,
D2,following,O
D3,mistake,O
D2,broken,O
D3,firewall,B-TOOL
D5,logging,I-SYSTEM
D3,perimeter,O
D3,or,O
D4,of,O
D5,one,O
D2,Sends,B-FUNCTION
D1,the,O
D2,most,O
D4,in,O
D3,10,O
D4,exploit,B-FUNCTION
D3,successfully,O
D4,user,B-VULNERABILITY
D2,all,O
D3,Systems,B-SYSTEM
D2,NSE,B-FUNCTION
D2,a,O
D1,packet,B-DATA
D3,useful,O
D5,one,O
D1,for,O
D2,can,O
D4,the,O
D2,host-timeout,B-FEATURE
D2,due,O
D2,on,O
D4,the,O
D3,explore,B-TECHNIQUE
D3,sneak,O
D2,packets,B-DATA
D4,installed,B-FUNCTION
D5,used,O
D2,dangerous,O
D4,been,O
D2,target,B-FEATURE
D3,deny-by-default,B-FEATURE
D2,from,O
D3,Additionally,O
D2,type,O
D4,runs,O
D2,tools,B-TOOL
D3,make,O
D2,which,O
D2,scripts,B-FUNCTION
D5,on,O
D4,command,B-FUNCTION
D4,run,B-FUNCTION
D3,rather,O
D3,to,O
D2,server,I-SYSTEM
,,
D3,frequently,O
D2,responds,B-FEATURE
D3,most,O
D3,Even,O
D1,Preprocessor,B-TOOL
D5,reply,O
D2,scanning,I-TECHNIQUE
D3,is,O
,,
D2,must,O
D4,the,O
D4,Metasploit,B-TOOL
D5,box,I-SYSTEM
D4,exploit,B-TECHNIQUE
D4,aids,O
D4,back,B-FUNCTION
D4,search,B-FUNCTION
D5,as,O
D3,a,O
D5,amount,O
D2,and,O
D3,packet,I-DATA
D5,the,O
D4,You,O
D3,ports,B-FEATURE
D3,perform,O
D4,search,B-FUNCTION
D2,Linux,B-SYSTEM
D3,seconds,O
D3,the,O
D5,iptables,B-APP
D2,the,O
D5,Unix/Linux,B-SYSTEM
D2,to,O
D3,inspect,B-TECHNIQUE
D2,closing,B-FEATURE
D5,a,O
D2,of,O
D2,and,O
D4,scanning,I-TECHNIQUE
D2,on,O
D3,can,O
D5,log,B-DATA
D4,users,B-USER
D3,Metasploit,B-TOOL
D3,queries,I-FUNCTION
D3,where,O
D2,your,O
D5,name,O
D2,host,B-FEATURE
D2,brute,B-ATTACK
D3,network,B-SYSTEM
D1,is,O
D3,addresses,I-FEATURE
D4,use,B-FUNCTION
,,
D3,is,O
D3,your,O
D2,information,B-DATA
D3,the,O
D3,to,O
D4,selected,O
D4,following,O
D4,connection,B-FEATURE
D2,,I-FUNCTION
D4,with,O
D2,and,O
D3,IPS,B-TOOL
D4,of,O
D4,if,O
D3,RST,I-DATA
D4,Linux,B-SYSTEM
D2,sorts,O
D5,emerg,B-FEATURE
D3,sneaky,B-FEATURE
D3,a,O
D2,interfaces,I-TOOL
D2,of,O
D3,is,O
D4,to,O
D3,the,O
D3,the,O
D4,the,O
D3,firewalls,B-TOOL
D3,deploy,B-FUNCTION
D2,need,O
D3,size,I-FEATURE
D5,logs,B-DATA
D5,management,I-TECHNIQUE
D3,with,O
D4,used,O
D4,testing,I-TECHNIQUE
D3,scheduled,O
D2,IoT,B-TECHNIQUE
D3,detection,B-FEATURE
D3,unexpected,O
,,
D5,order:,O
D4,need,O
D3,to,O
D3,a,O
D3,directly,O
D4,it,O
D2,is,O
D4,is,O
D5,listening,B-FEATURE
,,
D5,look,O
D3,to,O
D4,The,O
D3,the,O
D1,attack,B-FEATURE
D3,based,O
D3,IP,B-FEATURE
D5,Reduce,O
D4,lot,O
D2,since,O
,,
D3,blame,O
D5,a,O
D4,the,O
D3,the,O
D3,easy,O
D3,of,O
D3,the,O
D5,that,O
D3,suspicious,B-VULNERABILITY
D5,rsyslogd,B-DATA
D3,stateful,B-FEATURE
D2,every,O
D5,you,O
D4,be,O
D5,complete,O
D4,Samba,B-SYSTEM
D5,same,O
D4,deploy,B-FUNCTION
D5,are,O
D4,and,O
D2,presenting,O
D3,manipulate,O
D2,port,I-FEATURE
D3,source,O
D5,client,B-SYSTEM
D4,version,B-FEATURE
D4,run,O
D5,this,O
D4,Windows,B-SYSTEM
D2,monitoring,I-TECHNIQUE
D2,behind,B-FEATURE
D3,intrusion,B-TOOL
D3,actions,O
,,
D4,smbclient,B-SYSTEM
D4,NOP,B-FUNCTION
D3,require,O
D2,with,O
D3,system,B-TECHNIQUE
,,
D3,example,O
D3,technique�s,O
D4,with,O
D4,by,O
D5,server,I-SYSTEM
D2,that,O
D4,services,B-APP
D2,RPC,B-FUNCTION
D3,Nmap,B-TOOL
D4,auxiliary,B-TOOL
D5,machine,I-SYSTEM
D2,limit,I-TECHNIQUE
D3,is,O
D4,wrapper,B-FUNCTION
D5,reliability,I-TECHNIQUE
D4,a,O
D3,performs,O
D3,The,O
D3,scan,B-TECHNIQUE
,,
D5,and,O
D4,framework,I-TOOL
D2,to,O
,,
D3,specified,O
,,
D1,rules,I-FUNCTION
D2,port,B-FEATURE
D3,of,O
D5,data,I-DATA
D5,is,O
D2,of,O
D3,waiting,O
D4,in,O
D3,normal,O
D4,at,O
D5,rsyslogd,B-DATA
D4,show,B-FUNCTION
D3,can,O
D3,based,O
D3,ambiguous,O
D4,author,B-USER
,,
D4,use,O
D3,RFC,B-FEATURE
D2,that,O
D2,the,O
D5,one,O
D4,run,O
D3,lose,O
D2,use,O
D3,source,B-SYSTEM
D3,you,O
D3,of,O
D3,IDS,B-TOOL
D2,using,O
D5,warning,B-DATA
D3,The,O
,,
D3,detect,B-TECHNIQUE
D2,response,I-FEATURE
D2,produce,O
D3,typical,O
D4,changes,O
D3,responses,B-FEATURE
D5,features,O
D4,selected,O
D5,maintained,O
D3,forged,B-VULNERABILITY
D4,command,I-FUNCTION
,,
D2,All,O
D4,Rapid7,B-APP
D3,flagged,B-FEATURE
D1,Preprocessor,B-TOOL
D5,emerg,B-FEATURE
D5,related,O
D5,to,O
D3,purposely,O
D2,some,O
,,
D2,is,O
D3,should,O
D2,one,O
D3,the,O
D2,for,O
D2,provide,O
D3,etc,O
D5,server,B-SYSTEM
D4,extract,O
D5,up,O
D4,brute,B-TECHNIQUE
D4,In,O
,,
D3,perimeter,B-TECHNIQUE
D3,icmp-host-unreachable,B-FEATURE
,,
D1,options,I-FEATURE
D4,executing,O
D1,non,B-FEATURE
D3,For,O
D3,whether,O
D3,rule,I-FUNCTION
D4,in,O
D4,to,O
D3,drop,O
D3,an,O
D2,machine,B-SYSTEM
D1,gateway,I-SYSTEM
D3,services,I-TECHNIQUE
D4,the,O
D5,all,O
,,
D3,Linux,B-SYSTEM
D3,machine,I-SYSTEM
D3,the,O
D3,institutes,O
D5,as,O
D4,269,I-SYSTEM
,,
D3,be,O
D1,sniff,B-TECHNIQUE
D2,way,O
D5,rsyslog,I-SYSTEM
D3,will,O
D3,service,I-APP
D5,Improves,O
D4,and,O
D2,a,O
,,
D3,block,B-FEATURE
D4,you,O
D4,Nmap,B-TOOL
D5,They,O
D2,firewall,B-TOOL
,,
D4,process,O
D5,rsyslog,B-TOOL
D2,intrusive,B-ATTACK
D3,be,O
D3,determine,O
D2,devices,B-SYSTEM
,,
D5,which,O
D3,the,O
D2,This,O
D4,command,I-FUNCTION
D2,packet,B-DATA
D4,2,I-SYSTEM
D5,along,O
D2,are,O
D5,on,O
D3,Thus,O
D4,If,O
D3,to,O
D1,Output,B-TOOL
D3,change,O
D2,similar,O
D4,and,O
D5,server,I-SYSTEM
D3,source,B-SYSTEM
D2,time,B-FEATURE
D3,many,O
D3,the,O
D2,popular,O
D2,the,O
,,
D5,in,O
D2,broadcast,B-FUNCTION
D3,know,O
D5,Linux,B-SYSTEM
D3,offers,O
,,
D3,of,O
D3,to,O
D5,template,B-FEATURE
,,
D5,use,O
D2,has,O
D5,side,I-SYSTEM
,,
D4,identified,O
D5,they,O
D3,Attackers,B-ATTACKER
D4,command,I-FUNCTION
D4,for,O
D3,iptables,B-FEATURE
D5,means,O
D3,the,O
D4,like,O
D2,the,O
D3,has,O
D5,messages,I-DATA
D4,of,O
D4,compatible,O
D3,the,O
D3,the,O
D4,a,O
D3,tend,O
D2,within,O
D5,precursor,O
D5,/etc/rsyslogd/,B-FEATURE
D5,immediately,O
D3,up,O
D4,a,O
D4,vulnerabilities,B-VULNERABILITY
D4,and,O
D4,identifying,O
D2,Unreachable,I-DATA
D2,to,O
D5,capability,O
D3,to,O
,,
D2,closed,B-FEATURE
D2,it,O
D2,scripts,B-FUNCTION
D1,controls,O
D1,Packet,B-TOOL
D2,run,O
D4,left,O
D3,required,O
D4,against,O
D4,It,O
D4,can,O
D4,for,O
D3,organization,B-SYSTEM
D4,target,B-SYSTEM
D2,the,O
D5,syslog,B-TOOL
D2,the,O
D4,given,O
D2,However,O
D3,fragments,I-FEATURE
D4,host,B-SYSTEM
D3,In,O
D3,message,I-DATA
D3,interpret,O
D5,goes,O
D2,the,O
D4,advanced,B-FEATURE
,,
D4,to,O
D4,system,B-VULNERABILITY
D4,exploit,I-VULNERABILITY
D4,to,O
D4,the,O
D5,if,O
D2,and,O
D3,least,O
D5,UDP,B-FEATURE
D5,a,O
D2,IP,B-FEATURE
D3,by,O
D2,a,O
D2,scan,I-TECHNIQUE
D3,ports,B-FEATURE
D3,monitor,B-TECHNIQUE
D3,the,O
D5,ie,O
D3,to,O
D3,without,O
D3,provide,O
D2,open,B-FEATURE
D5,a,O
D2,the,O
D5,configures,B-FUNCTION
D3,machine,B-SYSTEM
D4,at,O
D3,reachable,O
D2,script,I-FUNCTION
D5,place,O
D2,and,O
D5,stored,O
D3,packets,B-DATA
D5,benefits,O
D3,between,O
D3,the,O
D3,iptables,B-APP
D2,scripts,I-FUNCTION
D3,inline,O
,,
D4,ports,B-FEATURE
D3,difficult,O
D5,the,O
D2,flags,B-FEATURE
D4,following,O
D3,roughly,O
D3,can,O
D2,through,O
D2,target,B-SYSTEM
D3,snort,B-TOOL
D3,on,O
D3,by,O
D5,if,O
D3,most,O
D3,of,O
D5,to,O
D3,they,O
D3,packets,I-DATA
D4,options,I-FUNCTION
D3,They,O
D3,the,O
D3,certain,O
D4,identify,B-TECHNIQUE
D2,of,O
D3,etc,O
D3,launch,O
D2,The,O
D3,If,O
D2,these,O
D5,is,O
D5,debug,B-TECHNIQUE
D3,IPS,I-TOOL
D3,when,O
D3,have,O
D5,die,O
D5,Linux,B-SYSTEM
D2,noisy,B-FEATURE
D3,packets,I-DATA
D3,This,O
D4,can,O
D3,is,O
D2,eg,O
,,
D2,Attempts,O
D3,run,B-FUNCTION
D1,Decoder,I-TOOL
D2,Connect,I-TECHNIQUE
D2,perform,B-FUNCTION
D5,application,B-APP
D4,you,O
D5,locally,O
D2,the,O
D3,useful,O
D3,the,O
D5,your,O
D3,after,O
D3,IP,B-FEATURE
D3,applications,B-APP
D4,search,B-FUNCTION
D3,type,O
D3,one,O
D4,Team,I-ATTACKER
D2,used,O
D2,quite,O
D5,file,I-DATA
D1,network,I-SYSTEM
D2,with,O
D3,or,O
D3,IDS,I-TOOL
D4,the,O
D5,opened,O
D5,log,B-SYSTEM
,,
D4,CLI,I-TOOL
D3,passively,B-FEATURE
D3,IDs,I-FEATURE
D5,messages,B-DATA
D4,operating,B-SYSTEM
D2,number,I-FEATURE
D4,player,I-VULNERABILITY
D4,vulnerability,B-TECHNIQUE
D4,by,O
D2,all,O
D4,will,O
D4,exist,O
D4,will,O
D2,service,B-APP
D3,given,O
,,
D3,scan,I-TECHNIQUE
D4,can,O
D5,syslog,B-APP
D3,Most,O
D1,Snort,B-TOOL
D1,Sniff,B-FEATURE
D4,available,O
D4,the,O
D3,and,O
D4,When,O
D2,and,O
D2,response,B-FEATURE
D5,two,O
D4,open,B-FEATURE
D5,server,I-SYSTEM
D3,This,O
D4,default,O
D3,available,O
D3,The,O
D3,required,O
D3,open,B-FEATURE
D4,have,O
D3,to,O
D3,793,I-FEATURE
D3,in,O
D3,understand,O
D3,g,O
D2,Nmap,B-TOOL
D4,the,O
D4,does,O
D2,cause,O
D3,w/o,O
D2,end,O
D5,with,O
D3,does,O
D2,are,O
D4,A,O
D3,IPS,B-TECHNIQUE
,,
,,
D5,security,B-TECHNIQUE
D2,as,O
D4,on,O
D2,scripts,B-FUNCTION
D5,a,O
D3,the,O
D5,of,O
D2,established,B-FEATURE
D5,terms,O
D3,the,O
D2,scan,I-TECHNIQUE
D5,let�s,O
D4,for,O
D2,are,O
D4,for,O
D4,Metasploit,B-TOOL
,,
D4,enumeration,O
D4,using,O
D3,and,O
D3,node,I-SYSTEM
D3,responses,I-FEATURE
D4,disabled,O
D1,captures,O
D3,a,O
D2,scan,B-TECHNIQUE
D3,iptables,B-FEATURE
D2,Metasploitable,B-SYSTEM
,,
D1,can,O
D3,However,O
D3,with,O
D3,your,O
D4,was,O
D2,SYN-ACK,B-FEATURE
D3,or,O
D5,configuration,B-DATA
D3,should,O
D2,and,O
D5,following,O
D2,scan,B-TECHNIQUE
D3,fragment,B-FEATURE
,,
D2,on,O
D5,they,O
D4,you,O
,,
D3,are,O
D2,This,O
D3,configuration,B-VULNERABILITY
D3,�'white-,O
,,
D3,deploy,B-FUNCTION
D3,to,O
D5,action,B-FEATURE
D2,example,O
D4,are,O
D2,off,O
D5,The,O
D3,given,O
D2,most,O
D4,tool,O
D5,to,O
D4,Now,O
D3,goal,O
D5,host,O
D2,identify,O
D3,2,I-SYSTEM
D2,will,O
D3,snort,B-TOOL
D4,can,O
D2,network,B-FEATURE
D4,values,O
D4,selected,O
D4,the,O
,,
D3,against,O
D4,generators,I-FUNCTION
D5,If,O
D2,messages,I-DATA
D2,to,O
D4,use,O
D4,the,O
D3,to,O
D5,This,O
D5,the,O
D4,to,O
D5,files,I-DATA
D3,firewall,B-TOOL
D3,such,O
D5,will,O
D3,on,O
D3,blocking,B-FEATURE
D4,look,O
D4,exploit,B-FUNCTION
D3,to,O
D2,determines,O
D5,to,O
D3,and,O
D3,depending,O
D5,another,O
D2,can,O
D4,and,O
D5,machines,I-SYSTEM
D2,force,I-ATTACK
D4,msfconsole,B-TOOL
D2,do,O
D5,machine,I-SYSTEM
D5,architecture,B-SYSTEM
D3,often,O
D4,with,O
D1,output,B-FEATURE
D2,Attacking,B-ATTACK
D3,TCP,B-DATA
D4,server,B-SYSTEM
D4,called,O
D3,scan,I-TECHNIQUE
D2,run,O
D4,in,O
D4,Hacking,B-ATTACKER
D5,grouped,O
D4,Metasploit,B-TOOL
D2,exploitation,B-TECHNIQUE
,,
D1,as,O
D3,so,O
D5,syslog,B-TOOL
D3,Product,B-TECHNIQUE
D4,a,O
D3,responsive,B-FEATURE
D2,the,O
D4,a,O
D4,set,B-FUNCTION
D4,start,O
D4,not,O
D3,permission,B-FEATURE
D5,and,O
,,
,,
D2,scripts,I-FUNCTION
D3,XP,I-SYSTEM
D4,a,O
D3,messages,I-DATA
D1,HTTP,B-VULNERABILITY
D3,task,O
D2,are,O
D4,server,I-SYSTEM
D3,it,O
D2,message,I-DATA
D3,detect,B-TECHNIQUE
D4,below,O
D1,forms,O
D5,log,B-DATA
D4,Kali,B-SYSTEM
D5,system,I-SYSTEM
D2,a,O
D4,often,O
D2,to,O
D4,line�s,I-TOOL
D5,their,O
D3,start,O
D4,extract,O
D4,list,O
D3,done,O
D2,can,O
D5,iptables,B-APP
D3,between,O
,,
D5,the,O
D4,information-,B-DATA
D2,digest,B-FUNCTION
D4,You,O
D2,to,O
D5,inter-operate,O
D4,to,O
D3,rules,B-FUNCTION
D3,come,O
,,
,,
D2,any,O
D2,is,O
D4,TPC,B-FEATURE
D4,the,O
D2,scripts,B-FUNCTION
D3,a,O
D2,a,O
D1,header,B-VULNERABILITY
D4,a,O
D5,or,O
D3,scanning,B-TECHNIQUE
,,
D2,scan,I-TECHNIQUE
D3,into,O
D5,the,O
D3,way,O
D2,networks,I-SYSTEM
D4,Port,B-TECHNIQUE
D3,send,O
D3,several,O
D4,payloads,B-DATA
D3,The,O
D5,pushing,O
D4,command,I-FUNCTION
D5,logs,B-DATA
D2,host,B-SYSTEM
D3,on,O
D2,determined,O
D1,Output,B-TOOL
D4,over,O
D2,you,O
D3,as,O
D4,By,O
D2,You,O
D3,allows,O
D5,own,O
D2,use,O
D5,files,I-DATA
,,
D1,determines,O
D3,of,O
D3,Nmap,B-TOOL
D5,Unix/Linux,B-SYSTEM
D3,Vulnerabilities,B-VULNERABILITY
D2,it,O
D3,guess,O
D1,looks,O
D4,only,O
D5,starts,O
D2,scripts,B-FUNCTION
D1,attacks,B-ATTACK
D2,monitors,B-TECHNIQUE
D3,immune,O
D2,access,B-FEATURE
D2,IP,B-FEATURE
D4,penetration,B-TECHNIQUE
D2,it,O
D4,vulnerabilities,I-VULNERABILITY
D3,Metasploit,B-TOOL
D5,presented,O
D4,is,O
D3,nodes,B-SYSTEM
D3,filtered,B-FEATURE
D2,of,O
D3,the,O
D2,vuln,B-FUNCTION
D2,determining,O
D3,Nmap,B-TOOL
D3,on,O
D3,ACK,B-DATA
D5,file,I-DATA
D4,evasion,B-TECHNIQUE
D4,be,O
D2,version,B-TECHNIQUE
D2,is,O
D2,whether,O
D3,Gateway,B-SYSTEM
D2,being,O
D2,to,O
D4,running,O
D3,detection,I-TOOL
D4,you,O
D3,common,O
D3,have,O
D2,HTTP,B-FUNCTION
D3,on,O
D4,Linux,I-SYSTEM
D4,author,B-USER
,,
D3,how,O
D2,full,B-TECHNIQUE
D4,ways,O
D3,Nmap,B-TOOL
D4,you,O
D2,denial-of-service,B-ATTACK
,,
D5,the,O
D2,form,O
D3,art,O
D3,tools,I-TOOL
D5,in,O
,,
D3,to,O
D2,scripts,I-FUNCTION
D5,using,O
D3,with,O
,,
D1,verify,O
D3,topology,B-FEATURE
D3,suspicious,B-VULNERABILITY
D2,meet,O
D3,to,O
D2,scripts,B-FUNCTION
,,
D5,folder,B-DATA
D3,modes,I-FEATURE
D5,will,O
D4,set,B-FUNCTION
D3,to,O
D2,is,O
D4,advanced,B-FEATURE
D4,evasion,B-TECHNIQUE
D4,reduced,O
D5,messages,B-DATA
D3,packet,I-FEATURE
D5,the,O
D3,open,B-FEATURE
D4,functions,I-FUNCTION
D2,packet,B-DATA
,,
D3,exploit,I-ATTACK
D3,with,O
D2,this,O
D4,name,O
,,
D1,the,O
D4,term,O
D2,the,O
D4,Scan,I-TECHNIQUE
D3,etc,O
D2,allows,O
D1,rules,I-FUNCTION
D2,attack,B-ATTACK
D4,with,O
D4,up,O
D4,Framework,I-TOOL
D1,variables,I-DATA
D3,can,O
D4,contain,O
D2,an,O
D3,scanning,I-TECHNIQUE
D2,servers,I-SYSTEM
D2,min-hostgroup,I-FEATURE
D3,route,B-FUNCTION
D5,log,B-TECHNIQUE
D5,Linux,B-SYSTEM
D4,your,O
D4,to,O
D4,the,O
D2,with,O
,,
D3,the,O
D2,the,O
D3,results,O
D3,firewalls,B-TOOL
D3,particular,O
,,
D4,exploit,B-FUNCTION
D3,ACK,B-TECHNIQUE
D3,a,O
,,
D5,/var/log,B-FEATURE
D4,Kali,B-SYSTEM
D2,easy,O
D3,you,O
D3,FTP,B-TECHNIQUE
D3,has,O
D2,NSE,B-TOOL
D2,Nmap,B-TOOL
D5,what,O
D3,IPS,B-TOOL
D3,are,O
D3,is,O
D4,a,O
D4,the,O
D2,can,O
D4,machine,I-SYSTEM
D5,directly,O
D2,authentication,B-TECHNIQUE
D4,system,I-SYSTEM
D4,exploitation,B-DATA
,,
D3,80,I-FEATURE
D3,make,O
,,
D3,in,O
D5,semicolon,O
D2,information,B-DATA
D5,instances,B-SYSTEM
D4,operating,I-SYSTEM
D2,the,O
D3,states,O
,,
D3,Penetration,B-TECHNIQUE
D3,tear,O
D1,determines,O
D3,on,O
D4,a,O
D3,closed,B-FEATURE
D2,scripts,B-FUNCTION
D3,use,O
D3,iptables,B-APP
D3,will,O
,,
D2,for,O
D3,IP,B-FEATURE
D4,framework,I-TOOL
D3,setup,I-FEATURE
D3,easy,O
,,
D5,uucp,B-FEATURE
D2,use,O
D2,scanning,B-TECHNIQUE
D2,provide,O
D3,rules,I-FUNCTION
D3,users,B-USER
D2,closed,B-FEATURE
D1,Snort,B-TOOL
D2,be,O
,,
D3,means,O
D1,Packet,B-TOOL
D3,of,O
,,
D3,open,B-FEATURE
D3,and,O
D4,to,O
D4,flash,B-VULNERABILITY
D3,shows,O
D4,is,O
,,
D5,Instead,O
D3,effective,O
D5,and,O
D3,packet,I-DATA
D3,a,O
D5,the,O
D4,can,O
D3,the,O
D5,crit,B-FEATURE
D2,on,O
D3,based,O
D5,library,I-APP
D4,are,O
D3,deploy,B-FUNCTION
D3,Testing,I-TECHNIQUE
D2,into,O
D4,exploit,B-FUNCTION
D3,often,O
D2,port,B-FEATURE
,,
D3,which,O
D2,detect,B-TECHNIQUE
D2,not,O
D2,Nmap,B-TECHNIQUE
D2,to,O
D3,confusing,O
D3,required,O
D3,for,O
D3,security,B-TECHNIQUE
D4,followed,O
D4,your,O
D3,traffic,B-DATA
D2,ports,I-FEATURE
D2,get,O
,,
,,
D2,services,I-APP
D5,there,O
D2,looks,O
D4,intentionally,O
D5,and,O
,,
D2,Windows,B-SYSTEM
D4,will,O
D4,targets,B-SYSTEM
D3,that,O
D4,a,O
D5,Simplified,O
D3,started,O
D3,this,O
D4,quite,O
D4,Metasploit,B-TOOL
D1,chains,O
D2,special,O
D2,Trojan,B-ATTACK
D5,example,O
D3,is,O
D2,destination,B-SYSTEM
D2,which,O
D5,folder,B-DATA
D2,scan,B-TECHNIQUE
,,
D3,servers,I-SYSTEM
D4,sub-project,O
D4,are,O
D2,can,O
D5,to,O
D4,the,O
D3,attacks,B-ATTACK
D2,whereas,O
D2,all,O
D1,Engine,I-TOOL
D4,and,O
D2,ACK,B-FEATURE
D5,selector,B-FEATURE
D4,UDP,B-FEATURE
D3,client,B-SYSTEM
D5,a,O
D5,it,O
D3,of,O
D2,or,O
D2,UDP,I-FEATURE
D3,help,O
D5,messages,I-DATA
D2,is,O
D5,logging,B-FUNCTION
D3,then,O
D5,of,O
D1,anomalies,I-VULNERABILITY
D3,to,O
D5,errors,B-DATA
,,
D3,for,O
D3,A,O
D3,their,O
D3,the,O
D4,rolling,B-FEATURE
D4,first,O
D4,the,O
D3,the,O
D4,Metasploit,B-TOOL
D2,way,O
D3,The,O
D3,can,O
D5,programs,I-APP
D4,using,O
D4,When,O
D1,rules,I-FUNCTION
,,
D3,IDS,B-TOOL
D4,when,O
D3,2,I-SYSTEM
D3,adjustments,O
D4,basically,O
D3,However,O
D3,allowed,O
,,
D2,Windows,B-SYSTEM
D5,one,O
,,
D3,You,O
D1,external,B-SYSTEM
D2,Windows,B-SYSTEM
D3,for,O
D2,It,O
D3,two,O
D3,regularly,O
D3,packets,I-DATA
D4,and,O
D3,cybersecurity,B-TECHNIQUE
D3,this,O
D3,usually,O
,,
D4,host,I-SYSTEM
D2,Nmap,B-TOOL
D3,outputs,B-FEATURE
D3,of,O
D3,the,O
D3,Intrusion,B-TOOL
D5,client,B-SYSTEM
D4,following,O
D5,field,I-FEATURE
D3,methods,O
D3,on,O
D5,keywords,O
D3,believe,O
D3,established,B-FEATURE
D1,can,O
,,
,,
D4,back,O
D1,using,O
D3,filter,B-FEATURE
D2,by,O
D1,file,I-DATA
D3,one,O
D3,and,O
,,
D4,options,I-FUNCTION
D5,warning,B-DATA
D5,issues,B-VULNERABILITY
D4,msfconsole,B-TOOL
,,
D4,Windows,B-SYSTEM
,,
D4,a,O
D1,using,O
D3,packets,I-ATTACK
D4,info,B-DATA
D4,simple,O
,,
D5,error,B-DATA
D3,ACK,B-FEATURE
D3,pen,B-SECURITYTEAM
D2,target,B-FEATURE
D3,In,O
D3,implications,O
D4,modify,O
D5,any,O
D4,the,O
D1,have,O
D2,than,O
D5,network,B-TECHNIQUE
D5,socket,I-FEATURE
D3,second,O
D3,IP,B-FEATURE
D3,unsure,O
D2,is,O
D5,start,O
D4,user,B-APP
D2,for,O
D3,to,O
D2,the,O
D5,Restart,B-FUNCTION
D5,working,O
D3,the,O
D5,actually,O
D3,are,O
D5,In,O
D5,the,O
D3,be,O
D4,the,O
D4,important,O
D2,slow,B-FEATURE
D5,a,O
D4,system,I-SYSTEM
D2,respond,B-FEATURE
D3,Metasploitable-2,B-SYSTEM
D3,the,O
D4,require,O
D5,on,O
D2,reaction,O
,,
D2,ports,I-FEATURE
D3,allows,O
D4,contains,O
D4,example,O
D3,ident,B-FEATURE
D5,you,O
D4,opened,B-FEATURE
D3,based,O
D3,is,O
D3,negative,B-FEATURE
D4,command,I-FUNCTION
D5,rsyslog,B-TOOL
D4,in,O
D3,given,O
D2,connected,B-SYSTEM
D2,intel,B-SYSTEM
D3,24,O
D3,from,O
D3,Thus,O
D5,entry,O
D2,run,B-FUNCTION
D5,into,O
D3,Detection,I-TOOL
D2,the,O
D5,the,O
D3,configuration,B-VULNERABILITY
D3,list,O
D3,can,O
D3,against,O
D3,be,O
D2,the,O
D3,packet,I-DATA
D4,which,O
D4,vulnerabilities,B-VULNERABILITY
D3,vulnerabilities,B-VULNERABILITY
D4,the,O
D4,that,O
D2,attack,I-ATTACK
,,
D2,for,O
D3,mail,B-SYSTEM
D2,Nmap,B-TOOL
D2,features,B-FEATURE
D3,network,I-SYSTEM
D4,to,O
D3,sure,O
D5,with,O
D4,VMware,B-SYSTEM
D4,for,O
D4,with,O
D3,given,O
D1,structure,O
D3,assessments,I-TECHNIQUE
D3,to,O
D3,firewall,B-TOOL
D5,well,O
D4,Metasploitable-2,B-SYSTEM
D3,be,O
D2,open,B-FEATURE
D4,the,O
,,
D4,a,O
D5,syslogd,B-DATA
D5,is,O
D4,target,B-SYSTEM
D4,discovery,I-TECHNIQUE
D3,understand,O
D5,the,O
D3,systems,I-TOOL
D5,is,O
D3,given,O
D5,log,B-DATA
D4,for,O
D4,to,O
D5,that,O
D4,architecture,I-SYSTEM
D2,to,O
,,
D2,into,O
D1,Blacklist,B-FEATURE
D5,syslog,B-TOOL
D4,a,O
D4,show,B-FUNCTION
D2,hosts,B-SYSTEM
D2,PSH,B-FEATURE
D5,a,O
D3,detected,B-TECHNIQUE
D5,your,O
D3,beginning,O
D3,probes,B-TECHNIQUE
D4,to,O
D2,scripts,I-FUNCTION
,,
D4,to,O
D4,been,O
D3,stop,O
D5,warn,B-FEATURE
D3,Ubuntu,B-SYSTEM
,,
D2,since,O
D5,and,O
,,
D5,should,O
D4,custom,O
D4,username/password,B-FEATURE
D4,nops,I-FUNCTION
D3,security,B-APP
D2,Denial,B-ATTACK
D3,rules,I-FUNCTION
D3,IP,B-FEATURE
D3,along,O
,,
D3,more,O
D5,For,O
D4,operating,B-SYSTEM
,,
D4,this,O
D2,is,O
D2,normally,O
D3,unintrusive,B-FEATURE
D3,The,O
D3,or,O
D4,it,O
D5,remote,B-FEATURE
D2,input,B-FEATURE
D2,allow,O
D1,the,O
D3,communicate,O
D4,a,O
D2,detection,I-TECHNIQUE
D5,are,O
D3,tools,B-TOOL
D3,alternative,O
D3,the,O
D3,hping3,B-TOOL
D5,rsyslog,B-TOOL
D5,Logging,B-FUNCTION
D1,can,O
D3,server,B-SYSTEM
D2,Nmap,B-FUNCTION
D3,setup,I-FEATURE
D3,need,O
D2,attacks,I-ATTACK
D5,messages,B-DATA
,,
D3,the,O
D3,issues,I-VULNERABILITY
D3,a,O
D2,Intrusion,B-TOOL
D2,scripts,B-FUNCTION
D2,on,O
D4,show,B-FUNCTION
D4,can,O
D5,basics,O
D4,help,B-FUNCTION
D5,stored,O
D5,setup,B-FEATURE
,,
D2,on,O
D3,etc,O
D5,server,I-SYSTEM
D4,command,B-FUNCTION
D5,different,O
D4,to,O
D3,distinguishable,O
,,
D3,Many,O
D2,would,O
D4,a,O
D3,behind,O
D3,security,B-SYSTEM
D3,ie,O
D5,uses,O
D3,setup,B-SYSTEM
D5,there,O
D2,digital,O
D3,increasing,O
D4,at,O
D3,using,O
D2,log,B-FUNCTION
D5,with,O
D2,used,O
D5,kernlog,B-DATA
D3,hints,O
D3,changing,O
D2,noise,I-FEATURE
D3,only,O
D1,packet,B-TOOL
D5,messages,B-DATA
D5,critical,B-FEATURE
D3,or,O
D5,found,O
D2,Allows,O
D3,Cyberinfrastructures,B-SYSTEM
D2,results,O
D3,can,O
D3,of,O
,,
D5,behavior,O
D4,Metasploit,B-TOOL
D5,logs,B-DATA
D3,better,O
,,
D3,iptables,B-FEATURE
D4,The,O
D5,now,O
D3,and,O
D2,us,O
D4,owns,O
D2,packet,I-DATA
D2,This,O
D3,can,O
D5,severity,B-FEATURE
,,
D4,by,O
D3,or,O
D5,like,O
D4,the,O
,,
D4,particular,O
D2,on,O
D4,follow,O
D4,module,B-FUNCTION
D3,help,O
D2,by,O
D4,username,B-FEATURE
D5,configuration,B-DATA
D5,file,I-DATA
D3,or,O
D4,description,O
D2,and,O
,,
D2,a,O
D2,what,O
D3,the,O
D4,the,O
D2,may,O
D5,Syslog,B-TOOL
D3,on,O
D5,using,O
,,
D3,scanning,B-TECHNIQUE
D2,actually,O
D4,The,O
D5,is,O
D3,can,O
D4,system,B-SYSTEM
D3,return,O
D4,command,B-FUNCTION
D2,filter,I-TECHNIQUE
D4,NOP,B-FUNCTION
D4,show,B-FUNCTION
,,
D2,be,O
D2,on,O
D2,the,O
D3,The,O
D2,using,O
D2,and,O
D4,the,O
D3,approaches,O
D3,vulnerabilities,B-VULNERABILITY
D3,firewall,B-TOOL
D3,IPS,B-TOOL
D2,but,O
D3,local,O
D2,target,B-SYSTEM
D3,help,O
D5,of,O
D3,This,O
D3,This,O
D4,session,I-FEATURE
D5,over,O
D5,rsyslog,B-FUNCTION
D4,return,O
D2,connection,B-FEATURE
D4,hypervisor,B-SYSTEM
D2,TCP,I-FEATURE
D2,sender,B-SYSTEM
D2,version,B-FUNCTION
D4,Metasploit,B-TOOL
D5,of,O
D3,on,O
,,
,,
D4,that,O
,,
D3,system,B-SYSTEM
D3,a,O
D3,You,O
,,
D3,vulnerable,B-VULNERABILITY
D5,server,I-SYSTEM
D3,rules,B-FUNCTION
D1,packet,B-TOOL
D4,list,O
,,
D3,Stateless,B-FEATURE
D3,operators,I-SECURITYTEAM
D3,results,O
D4,a,O
D4,see,O
D3,forgery,B-ATTACK
D2,is,O
D2,networks,B-SYSTEM
D4,or,O
D3,on,O
D2,when,O
D5,the,O
D2,a,O
D2,and,O
D2,by,O
D2,site,B-SYSTEM
D3,apart,O
,,
D5,facility,B-SYSTEM
,,
D5,files,B-DATA
D5,you,O
D2,Nmap,B-TOOL
D2,privilege,I-FEATURE
D2,your,O
D4,FTP,B-APP
D3,Tools:,O
D2,the,O
D5,To,O
D3,snort,B-FUNCTION
D4,the,O
D4,command,I-FUNCTION
D2,the,O
,,
D5,of,O
D3,down,I-FEATURE
D3,and,O
D3,to,O
D3,respond,B-FEATURE
D4,Operating,B-SYSTEM
D4,connection,B-FEATURE
D5,Since,O
D3,doubt,O
D2,send,B-FUNCTION
D4,another,O
D4,can,O
D3,explain,O
D1,check,O
D5,as,O
D4,legacy,B-SYSTEM
,,
D4,an,O
D2,back,O
D2,they,O
D5,priority,O
D5,Severity,B-FEATURE
D4,can,O
D3,eliminate,O
D4,value,O
D3,the,O
D5,are,O
D4,gain,O
D3,frequent,O
D2,network,B-FEATURE
D4,the,O
D3,the,O
D2,if,O
D3,and,O
D5,syslogd,B-DATA
D4,hack,B-ATTACK
D4,on,O
D3,can,O
D2,the,O
D2,ports,I-FEATURE
D3,find,O
D2,host,B-FUNCTION
D3,field,I-FEATURE
D5,it,O
D2,state,I-FEATURE
,,
D2,a,O
D3,It,O
D3,more,O
D2,inspecting,O
D3,parameters,B-FEATURE
D1,enabled,O
,,
D5,currently,O
D5,centralized,B-SYSTEM
D2,input,O
D3,is,O
D2,services,I-APP
D5,on,O
D5,separate,O
D1,Module,I-TOOL
D4,is,O
D3,firewall,B-TOOL
D3,client,B-SYSTEM
D5,criticallog,B-DATA
D2,The,O
,,
D2,to,O
D3,to,O
D3,by,O
D3,pentest,B-TECHNIQUE
D3,the,O
D3,pentest,B-TECHNIQUE
,,
D5,fill,O
D4,by,O
D1,pcap,I-DATA
D5,are,O
D1,Snort,B-TOOL
D2,your,O
D3,best,O
D2,flags,I-FEATURE
D3,they,O
D4,will,O
,,
D2,TCP,B-DATA
D1,Snort,B-TOOL
D3,the,O
D2,can,O
D3,to,O
D2,force,I-FUNCTION
D5,iptables,B-APP
D3,to,O
D3,parameter,B-FEATURE
D5,the,O
D3,always,O
D2,while,O
D4,techniques,I-TECHNIQUE
D3,tries,O
D3,difficult,O
D2,Use,O
D2,used,O
D4,use,O
D3,perform,B-FUNCTION
D2,rarely,O
D2,every,O
D1,is,O
D4,compromise,O
D4,the,O
D3,close,O
D3,iptables,B-FEATURE
D4,you,O
D3,port,B-TECHNIQUE
D5,until,O
,,
D4,and,O
D2,however,O
D3,to,O
D4,such,O
D4,command,I-FUNCTION
D2,port,B-FEATURE
D4,options,O
D2,discovery,I-TECHNIQUE
D5,distribution,I-SYSTEM
D3,the,O
D3,in,O
D4,be,O
D2,the,O
D1,the,O
D4,the,O
D5,to,O
D3,The,O
D3,resources,O
D4,the,O
D4,Below,O
D3,to,O
D3,VMs,I-SYSTEM
D5,log,B-FUNCTION
D3,and,O
D5,The,O
D3,firewall,B-FUNCTION
D3,following,O
D3,you,O
D5,file,B-DATA
D5,authentication,B-TECHNIQUE
D3,confirm,O
D2,ports,B-FEATURE
D4,Windows,B-SYSTEM
D4,Metasploit,B-TOOL
D3,particularly,O
D3,nmap,B-TOOL
D2,radar,O
D4,search,O
D4,on,O
D3,scanning,I-TECHNIQUE
D3,which,O
D5,as,O
D3,For,O
,,
D4,bypass,O
D3,for,O
D3,inline,B-FEATURE
D2,BSD,I-SYSTEM
D4,the,O
D5,facility,B-SYSTEM
D2,FALSE,B-FEATURE
D4,auto-completion,I-FUNCTION
D4,commands,B-FUNCTION
D2,never,O
D3,the,O
D3,on,O
D4,be,O
D3,setup,I-SYSTEM
D3,in,O
D4,scans,I-TECHNIQUE
D4,for,O
D1,Snort,B-FUNCTION
D2,implement,O
D3,of,O
D4,the,O
D3,solutions,I-TECHNIQUE
D2,machines,B-SYSTEM
D4,of,O
D2,you,O
D2,be,O
D4,open,B-FEATURE
D4,get,O
D2,scanned,B-VULNERABILITY
D4,becomes,O
D3,always,O
D5,print,B-FUNCTION
D2,Closed,B-FEATURE
D2,the,O
D4,target,B-SYSTEM
D5,and,O
D3,include,O
D2,then,O
D2,running,O
D3,scanners,B-TOOL
D2,Scan,B-TECHNIQUE
D2,or,O
D4,to,O
D2,and,O
D5,50-defaultconf,B-DATA
D1,for,O
,,
,,
D2,is,O
D3,and,O
,,
D4,With,O
D4,is,O
D3,connections,B-FEATURE
D3,configuration,B-FEATURE
D5,The,O
D4,use,B-FUNCTION
D3,probes,B-TECHNIQUE
D2,operating,B-SYSTEM
D4,2,I-SYSTEM
D3,hosts,B-SYSTEM
D4,the,O
D5,to,O
D2,in,O
D2,can,O
D4,function,I-FUNCTION
D3,explore,B-TECHNIQUE
D3,the,O
,,
D5,support,I-TECHNIQUE
D3,scanning,B-TECHNIQUE
D5,architecture,I-SYSTEM
D4,changed,O
D5,running,O
D3,they,O
D3,difference,O
D2,your,O
D2,find,O
D2,to,O
D3,admin,I-SECURITYTEAM
D1,protocols,B-FEATURE
D4,identification,I-TECHNIQUE
D2,be,O
D4,allows,O
,,
D5,are,O
D3,to,O
D2,is,O
D2,scanning,B-TECHNIQUE
D5,system,I-SYSTEM
D3,In,O
D2,default,B-FEATURE
D3,at,O
D2,returns,O
D3,open,B-FEATURE
D3,you,O
D2,one,O
D5,The,O
D2,an,O
D2,the,O
D4,After,I-VULNERABILITY
D3,all,O
D2,any,O
D5,this,O
D3,scenarios,I-ATTACK
D5,should,O
D3,parameters,B-FEATURE
D3,understanding,O
D2,IP,B-FEATURE
D4,links,O
D4,the,O
D2,is,O
D3,a,O
D5,used,O
D3,the,O
D3,them,O
D3,accuracy,B-FEATURE
D5,This,O
D4,the,O
D4,advanced,B-FEATURE
D2,running,B-FUNCTION
D5,rsyslog,B-TOOL
D4,IP,B-FEATURE
D3,tester,I-SECURITYTEAM
D2,and,O
D3,IDS,B-TOOL
D3,be,O
D5,Linux,I-SYSTEM
D5,info,B-DATA
D1,IDS,B-TOOL
D3,one,O
D3,Note,O
D3,that,O
D2,on,O
D4,followed,O
D3,separated,O
D2,attempting,O
D2,this,O
D5,only,O
D4,to,O
D2,need,O
,,
D3,detected,B-TECHNIQUE
D5,syslogd,B-DATA
D4,the,O
D2,to,O
D2,ACK,B-FEATURE
D5,you,O
D2,the,O
D3,tcpdump,B-TOOL
D4,evasion,B-TECHNIQUE
D4,the,O
D3,configuration,I-FEATURE
D2,ports,I-FEATURE
D3,scan,I-TECHNIQUE
D5,the,O
D4,the,O
D5,here,O
D2,with,O
D5,test,O
D2,being,O
D3,spoofed,B-VULNERABILITY
D4,command,I-FUNCTION
D2,can,O
D4,can,O
D4,the,O
D3,the,O
D5,the,O
D3,through,O
,,
,,
D3,TCP,B-FEATURE
D5,way,O
D2,to,O
D2,features,O
D4,its,O
D5,In,O
D3,an,O
D4,edition,I-FEATURE
D3,you,O
D3,tools,O
D2,for,O
D4,the,O
D2,not,O
D3,have,O
D4,regularly,O
D2,own,O
D5,inside,O
D5,to,O
D5,the,O
D3,Nmap,B-TOOL
D3,system,B-SYSTEM
D5,client,B-SYSTEM
D3,of,O
D2,this,O
D3,Nmap,B-TOOL
D5,default,O
D2,scans,O
D2,TCP,B-FEATURE
D2,dos,B-FUNCTION
D1,set,O
D4,a,O
D4,Boolean,B-FUNCTION
D3,the,O
D4,Boston,O
D3,ports,I-FEATURE
D2,ntlm,B-TECHNIQUE
,,
D1,Network,B-SYSTEM
D5,sending,O
D5,listens,O
D4,or,O
D4,example,O
D2,scripts,B-FUNCTION
D2,is,O
D4,been,O
D4,and,O
D2,to,O
D5,appropriate,O
D2,features,O
D4,command,I-FUNCTION
D4,password,B-FEATURE
D4,the,O
D5,will,O
D5,which,O
D5,The,O
D5,separated,O
D5,number,O
D5,logs,B-FUNCTION
D3,Nmap,B-TOOL
D1,Engine,I-TOOL
D4,You,O
D3,are,O
D3,outside,O
D4,start,O
D3,and,O
,,
D4,Linux,B-SYSTEM
D4,at,O
D5,presented,O
D4,Just,O
D3,Based,O
D3,running,O
D1,Snort,B-TOOL
D3,to,O
D5,the,O
D3,scan,I-TECHNIQUE
D3,virtual,B-SYSTEM
,,
,,
D2,packets,I-DATA
D3,and,O
D4,an,O
,,
D5,server,I-SYSTEM
D3,These,O
D3,understanding,O
D1,system,I-TOOL
D3,are,O
D5,messages,B-DATA
D2,non-Windows,B-SYSTEM
D4,target,B-SYSTEM
D4,following,O
D3,which,O
D3,host,B-SYSTEM
D4,them,O
D2,scanning,B-TECHNIQUE
D2,script,I-FUNCTION
D3,services,I-APP
,,
D5,that,O
D2,ports,B-FEATURE
D4,tester,I-SECURITYTEAM
D4,ready,O
D4,change,O
,,
D3,particularly,O
D5,on,O
D3,port,B-FEATURE
D2,a,O
D2,can,O
D4,to,O
D2,time,O
D4,For,O
D4,rpcclient,B-SYSTEM
D3,scan,I-TECHNIQUE
D4,configuration,I-FEATURE
D5,security,B-TECHNIQUE
D5,syslog.conf,B-DATA
D2,advantage,O
D3,sent,O
,,
D4,session,I-FEATURE
D3,when,O
D5,of,O
D2,and,O
D2,from,O
D3,any,O
D3,Find,O
D5,standard,B-APP
D3,framing,O
D3,The,O
D2,ports,I-FEATURE
D3,point,O
D4,payloads,I-FUNCTION
D2,service,B-FEATURE
D3,the,O
,,
D2,that,O
D5,logs,B-DATA
,,
D5,for,O
D3,with,O
D3,flag,B-FEATURE
D2,for,O
D2,target,B-FEATURE
D2,you,O
D1,type,B-FEATURE
D3,the,O
,,
D2,has,O
D3,scan,B-TECHNIQUE
D2,network,B-VULNERABILITY
D2,parsing,B-FUNCTION
D2,port,I-FEATURE
D2,to,O
D5,/var/log/messages,B-FEATURE
D3,terminate,O
D3,Firewalls,B-TOOL
D3,a,O
D4,Metasploitable,B-SYSTEM
D4,the,O
D4,and,O
D3,appropriate,O
D2,control,O
D3,flow,I-FEATURE
D2,the,O
D4,proper,O
D3,demonstrate,O
D2,Postrule,B-FUNCTION
D2,the,O
D1,on,O
D3,the,O
D3,this,O
D2,script,I-FUNCTION
D2,and,O
D3,of,O
D2,address,I-FEATURE
D4,The,O
D3,scans,I-TECHNIQUE
D5,to,O
D3,provided,O
D4,A,O
D5,the,O
D3,TCP,B-DATA
D2,version,B-TECHNIQUE
D5,use,O
D2,network,B-FUNCTION
D2,core,O
D4,signature,I-TECHNIQUE
D2,half-open,B-TECHNIQUE
D4,fingerprinting,B-TECHNIQUE
D4,the,O
D4,even,O
D3,techniques,O
D2,any,O
D5,centralized,B-SYSTEM
D5,individual,O
D2,type,O
D2,CVEs,B-VULNERABILITY
D4,IP,B-FEATURE
D3,An,O
D3,that,O
D3,them,O
D4,msfadmin/msfadmin,B-FEATURE
D3,specify,O
D4,we've,O
D4,determine,O
D1,packet,B-DATA
D4,using,O
D1,traffic,B-DATA
D2,programming,I-TOOL
D4,on,O
D4,list,O
D5,a,O
D3,ICMP,B-DATA
,,
D4,enumerating,B-VULNERABILITY
D3,this,O
D2,service,I-FUNCTION
D4,msfconsole,B-TOOL
D5,log,I-DATA
D2,floods,B-ATTACK
D2,operating,B-SYSTEM
D4,this,O
D5,console,B-TOOL
D4,can,O
D2,feature,I-FEATURE
D5,on,O
D4,and,O
D4,an,O
D5,In,O
D3,only,O
D3,is,O
D3,results,O
D4,be,O
D3,compare,O
D2,report,O
D3,is,O
D2,exploration,B-TECHNIQUE
D3,in,O
D4,of,O
D4,generator,I-FUNCTION
D5,Logs,B-DATA
D3,of,O
D2,the,O
D5,them,O
D5,single,O
D5,privilege,I-FEATURE
D3,the,O
D2,Use,O
D1,variables,I-DATA
D2,type,O
D2,you,O
D4,in,O
D3,protocol,I-FEATURE
D4,and,O
D3,reverse-DNS,B-FUNCTION
D4,msf,I-TOOL
D3,make,O
D2,to,O
D3,This,O
D4,lot,O
D1,a,O
D2,script,I-FUNCTION
D2,full,B-FEATURE
D3,at,O
D5,it,O
D5,by,O
,,
D3,outcomes,O
D2,do,O
D2,write,O
D4,this,O
D2,to,O
D3,of,O
D4,payloads,B-DATA
D3,scanner,B-TOOL
D2,of,O
D4,Kali,B-SYSTEM
D5,module,B-FUNCTION
D2,completed,O
D3,steal,B-TECHNIQUE
D2,another,O
D3,provide,O
D4,evasion,B-TECHNIQUE
D4,Metasploit,B-TOOL
D4,scripts,B-FUNCTION
D2,as,O
D2,and,O
D2,so,O
D2,process,B-TECHNIQUE
D5,configuration,B-DATA
D3,scanning,B-TECHNIQUE
D5,also,O
D4,service,I-APP
D4,Operation,I-FUNCTION
,,
D4,of,O
D2,might,O
D2,TCP,B-FEATURE
D1,can,O
D2,run,B-FUNCTION
D5,then,O
D3,them,O
D2,sometimes,O
D4,gathering,O
D3,them,O
D2,list,O
D3,with,O
D2,address,I-FEATURE
D3,portmapper,B-TOOL
,,
D2,command-line,B-TOOL
D3,setup,B-SYSTEM
D2,scan,B-TECHNIQUE
D5,the,O
D4,also,O
D4,on,O
D3,other,O
D3,this,O
D5,in,O
D2,network,B-SYSTEM
D2,the,O
D5,down,O
D5,down,B-FEATURE
D5,the,O
,,
D3,results,O
D3,remediation,O
D5,following,O
D2,scan,I-TECHNIQUE
D2,a,O
D3,per,O
D2,Nmap,B-TOOL
D5,port,B-FEATURE
D3,watch,O
D4,To,O
D4,enumeration,I-VULNERABILITY
D5,Secure,B-FEATURE
D5,a,O
,,
D5,clients,B-SYSTEM
D4,the,O
D3,to,O
D5,a,O
D3,will,O
D3,change,O
D2,it,O
D1,packets,I-DATA
D3,executable,O
D4,systems,I-SYSTEM
D3,the,O
D3,can,O
D4,systems,I-SYSTEM
D3,egress,B-FEATURE
D5,the,O
D2,different,O
D4,run,O
D3,identify,B-TECHNIQUE
,,
D2,that,O
D5,is,O
D2,scans,I-TECHNIQUE
,,
D2,we,O
D4,OSVDB,B-FEATURE
D3,infer,O
D2,information,B-DATA
D3,2,I-SYSTEM
D3,This,O
D2,answering,O
D4,force,I-TECHNIQUE
D3,that,O
D3,devices,B-SYSTEM
D4,customized,O
D3,implemented,O
D2,auditing,B-TECHNIQUE
D2,and,O
D4,tool,B-TOOL
D2,some,O
D3,Nmap,B-TOOL
D2,of,O
D4,exit,B-FUNCTION
D3,access,B-FEATURE
D2,administrators,B-SECURITYTEAM
D4,and,O
,,
D5,machine,B-SYSTEM
D3,pen,B-SECURITYTEAM
D2,the,O
D5,a,O
D5,field,I-FEATURE
D2,header,I-FEATURE
D5,data,B-FEATURE
D4,You,O
D1,Detection,B-TOOL
D3,is,O
D3,RST,I-DATA
D3,current,O
D3,on,O
D3,download,O
D3,target,B-SYSTEM
D3,problem,O
D3,on,O
D2,the,O
D4,msfconsole,B-TOOL
D3,filtered,B-FEATURE
D3,network,B-SECURITYTEAM
D2,ping,B-TECHNIQUE
D2,scripts,I-FUNCTION
D3,Every,O
D5,directory,B-DATA
D2,-,O
D1,means,O
D3,IDS,I-TOOL
D5,ping,B-FUNCTION
D3,Packet,B-ATTACK
D3,793,I-FEATURE
D3,results,O
,,
D2,one,O
D2,protected,O
D5,with,O
D2,types,O
D2,Tears,B-FEATURE
D4,When,O
D2,positive,B-FEATURE
D2,bad,O
D3,destined,O
D5,iptables,B-APP
D4,and,O
D4,server,I-SYSTEM
D3,nping,B-TOOL
D5,Facility,B-SYSTEM
D3,the,O
D5,to,O
D3,and,O
D2,tool,B-TOOL
D2,which,O
D2,a,O
,,
,,
D4,to,O
D4,an,O
D3,by,O
D4,the,O
D2,FALSE,B-FEATURE
D4,machine,I-SYSTEM
D3,not,O
D2,Nmap,B-TOOL
D5,other,O
D3,difference,O
D2,scripts,B-FUNCTION
D5,a,O
D2,phase,O
,,
D2,external,B-ATTACKER
D3,the,O
D4,launched,O
D4,server,I-SYSTEM
D1,Gateway,B-SYSTEM
D5,to,O
D5,the,O
D3,want,O
D4,and,O
D5,maintained,O
D4,Auxiliary,B-TOOL
D3,pen,B-TECHNIQUE
D1,behavior,B-FEATURE
D4,set,B-FUNCTION
D3,given,O
D4,is,O
D2,the,O
D3,your,O
D4,of,O
D3,tools,B-TOOL
D2,begin,O
D4,ID,I-FEATURE
D2,log,B-FUNCTION
D3,impact,O
D5,you,O
D3,the,O
D3,state,B-FEATURE
D3,you,O
D4,or,O
D2,You,O
D4,the,O
D2,of,O
D5,achieve,O
D5,for,O
D5,rules,B-FUNCTION
D3,attackers,B-ATTACKER
D4,set,B-FUNCTION
D4,therefore,O
D4,show,B-FUNCTION
D4,close,O
D4,of,O
D5,where,O
D3,little,O
D3,back,O
D4,Ruby,B-TOOL
D2,is,O
D2,Since,O
,,
D2,blocking,B-FEATURE
D3,need,O
D3,use,O
D3,can,O
,,
D2,remote,B-SYSTEM
D3,function,O
D3,supported,O
,,
D3,port,B-FEATURE
D4,will,O
D5,can,O
D3,Detecting,B-TECHNIQUE
D4,Flash,I-VULNERABILITY
D4,may,O
D4,is,O
D4,user,B-VULNERABILITY
D3,in,O
D2,is,O
D4,exploit,B-FUNCTION
D5,machines,B-SYSTEM
D2,port,B-FEATURE
D5,write,O
D4,exploit,B-FUNCTION
D5,should,O
D4,to,O
D4,exploit,B-FUNCTION
D5,and,O
D2,forcing,O
D2,Prerule,B-FUNCTION
D2,any,O
D5,to,O
D2,ports,B-FEATURE
D3,assembly,I-FEATURE
D4,into,O
D2,use,O
,,
D2,used,O
D1,mode,I-FEATURE
D2,of,O
D2,RPC,B-APP
D3,unfilter,B-FEATURE
D4,the,O
D2,automate,B-FEATURE
D2,Vulnerabilities,B-VULNERABILITY
D4,open,O
D5,successor,O
D2,with,O
D1,Detection,B-TOOL
D3,to,O
D4,detection,I-TECHNIQUE
D5,end,O
,,
D3,detection,I-TOOL
D2,you,O
D2,respond,B-FEATURE
D3,packets,B-DATA
D3,gaps,O
D4,two,O
D5,sure,O
D5,important,O
D4,name,O
D4,compatible,O
D5,machine,B-SYSTEM
D3,weaknesses,B-VULNERABILITY
D2,stack,I-FEATURE
D2,FTP�,B-FEATURE
D3,assess,B-TECHNIQUE
D5,Inspect,B-TECHNIQUE
D5,the,O
D4,the,O
D4,the,O
D3,a,O
D3,tester,I-SECURITYTEAM
D5,blowing,O
D5,for,O
D4,and,O
D4,is,O
D2,of,O
D2,out,O
D4,port,B-FEATURE
D5,same,O
D5,/var/log/,B-FEATURE
D3,timeout,B-FEATURE
D2,is,O
D2,host,I-SYSTEM
D4,on,O
D2,The,O
D2,RPC,B-TECHNIQUE
D3,systems,B-SYSTEM
D3,they,O
D4,framework,I-TOOL
,,
D2,are,O
D5,it,O
D3,dns,B-SYSTEM
D5,syslogd,B-DATA
D4,Massachusetts-based,O
D2,our,O
D5,configuration,B-DATA
D3,The,O
D2,network,B-TECHNIQUE
D3,accurate,O
D2,Nmap,B-TOOL
D3,your,O
D3,the,O
D4,msfconsole,B-TOOL
D5,level,O
D2,to,O
D5,setup,B-SYSTEM
D3,something,O
D5,monitoring,B-TECHNIQUE
D2,along,O
D2,services,B-FEATURE
D3,Your,O
D4,security,I-TECHNIQUE
D5,templates,B-FEATURE
D2,using,O
,,
D4,the,O
D3,require,O
D2,for,O
D5,monitoring,I-TECHNIQUE
D2,target,B-FEATURE
D5,consists,O
D2,for,O
D4,at,O
D2,find,O
D3,recommend,O
D5,Levels,I-FEATURE
D2,will,O
D5,downside,O
D2,UDP,B-FEATURE
D2,-,O
D2,be,O
D4,exploit,B-FUNCTION
D4,advanced,I-FUNCTION
,,
,,
,,
D5,downtime,B-FEATURE
D2,these,O
D3,IDS,B-TOOL
D3,avoided,O
D3,traceroute,B-TOOL
D3,for,O
D2,are,O
D3,to,O
,,
D5,your,O
D3,ID,I-FEATURE
D4,commands,I-FUNCTION
D5,same,O
D3,firewall,B-TOOL
D4,2,I-SYSTEM
D3,implicit,O
D3,do,O
D3,firewall,B-TOOL
,,
D4,your,O
D4,the,O
D5,TCP,B-FEATURE
D2,or,O
D3,frequent,O
D3,such,O
D3,that,O
D3,on,O
D4,of,O
D3,set,O
D5,on,O
D4,name,O
D2,lot,O
D2,wildcards,B-FUNCTION
D3,weakness,B-VULNERABILITY
D5,not,O
D3,compared,O
D2,the,O
D3,key,O
D4,NOP,B-FUNCTION
D2,and,O
D4,the,O
D2,gathering,O
D3,broken,B-FEATURE
D2,the,O
D4,show,B-FUNCTION
D5,nor,O
D5,is,O
D1,traffic,I-DATA
D2,connection,B-FEATURE
D2,under,O
D4,was,O
D3,selected,O
D2,scanner,B-TOOL
D2,ID,I-FEATURE
D2,a,O
D2,this,O
D3,provided,O
D4,and,O
D3,may,O
D2,valid,O
D4,certain,O
D2,target,O
D3,hpings,B-TOOL
D4,the,O
D2,packet,I-DATA
D4,A,O
D2,to,O
D4,downloaded,O
D2,the,O
D1,payload,B-FEATURE
D2,you,O
D2,Nmap,B-TOOL
,,
D2,against,O
D3,the,O
D3,iptables,B-APP
D2,the,O
D3,pentest,B-TECHNIQUE
D5,at,O
D4,for,O
D5,server,I-SYSTEM
D4,a,O
D3,to,O
D2,target,B-SYSTEM
D4,new,O
D2,service,B-TECHNIQUE
,,
D4,contained,O
D4,backdoor,B-ATTACK
D5,the,O
D3,scan,I-TECHNIQUE
D5,rsyslog,B-TOOL
D2,network,B-TECHNIQUE
D4,the,O
D2,the,O
D4,called,O
D4,list,O
D3,countermeasure,B-TECHNIQUE
D1,Land,B-ATTACK
D4,the,O
D3,design,O
D5,to,O
,,
D4,you,O
D4,tools,B-TOOL
D3,path,O
D2,for,O
D1,attacks,I-ATTACK
D2,host,I-SYSTEM
D2,established,B-FEATURE
D2,external,B-ATTACKER
D4,lines,O
D3,them,O
D2,a,O
D2,established,B-FEATURE
D2,credentials,I-FEATURE
D3,pentest,B-TECHNIQUE
D2,default,B-FEATURE
D2,the,O
D3,IDS,B-TOOL
D3,Nmap,B-TOOL
D3,order,O
D3,are,O
D2,way,O
D3,to,O
D1,system,B-DATA
D4,The,O
D3,instead,O
D3,filtered,B-FEATURE
D4,have,O
D3,are,O
D3,commands,B-FUNCTION
,,
D2,and,O
D2,as,O
D5,in,O
D4,Virtual,B-SYSTEM
D2,determine,O
D3,reset,I-DATA
D4,help,B-FUNCTION
D5,this,O
D4,more,O
D3,is,O
D2,attack,B-ATTACK
D4,using,O
D5,locally,B-FEATURE
D4,and,O
D5,on,O
D3,You,O
D4,the,O
D3,under,O
D5,reliability:,B-TECHNIQUE
D3,Forgery,I-ATTACK
D2,perform,B-FUNCTION
D5,which,O
D3,such,O
D4,Once,O
D5,no,O
D3,an,O
D3,Because,O
D2,target,B-SYSTEM
D2,This,O
D4,use,O
D3,System,B-FEATURE
D4,on,O
D4,exploit,B-FUNCTION
D5,following,O
D3,being,O
D3,cybercriminals,B-ATTACKER
D3,or,O
D4,the,O
D3,a,O
,,
D3,using,O
D4,successful,O
D3,required,O
D2,can,O
D5,the,O
D2,target,I-SYSTEM
D3,and,O
D2,and,O
D2,operating,B-SYSTEM
D3,and,O
D3,security,I-TECHNIQUE
D2,to,O
D3,usually,O
D4,player,I-APP
D5,following,O
D5,syslog,B-TOOL
D2,valuable,O
D5,for,O
D4,of,O
D3,that,O
D4,plugin�s,B-TOOL
D2,primary,O
,,
D2,stands,O
D5,name,O
D2,Nmap,B-TOOL
D4,IDS,B-TOOL
D3,provided,O
D2,is,O
D4,No,O
D2,default,B-FEATURE
,,
D2,IDS,B-TOOL
D2,XMAS,B-TECHNIQUE
D3,lab,O
D2,avoid,O
D3,by,O
D4,contains,O
D5,to,O
D5,pattern,O
D4,host,B-SYSTEM
D1,testing,B-FUNCTION
D3,which,O
D4,intentionally,O
D2,error,I-DATA
,,
D4,was,O
D3,While,O
D3,shell,I-TOOL
D2,FIN,I-DATA
D4,in,O
D4,your,O
,,
D3,in,O
D2,program,B-FUNCTION
D5,The,O
D2,vulnerabilities,I-VULNERABILITY
D3,IP,I-FEATURE
D5,your,O
D3,the,O
D2,was,O
D4,values,O
D2,attacks,I-ATTACK
D3,one,O
D3,for,O
D4,the,O
D3,host,B-SYSTEM
D2,packet,B-DATA
D1,TCP,B-DATA
D4,start,O
,,
D3,running,O
,,
D1,anomalies,I-VULNERABILITY
D2,not,O
D3,to,O
D5,with,O
D2,and,O
D5,without,O
D3,your,O
D4,activate,O
D3,the,O
D3,three,O
D3,success,O
D3,causes,O
D2,packet,I-DATA
D4,pattern,O
,,
D4,if,O
D5,file,I-DATA
D4,exploit,B-FUNCTION
D4,a,O
D2,programs,B-FUNCTION
D3,to,O
D1,any,O
D2,default,B-FEATURE
D5,is,O
D5,stored,O
D5,a,O
D5,of,O
D4,and,O
D2,and,O
D2,the,O
D3,ACK,B-TECHNIQUE
,,
D4,command,I-FUNCTION
D5,let,O
D5,machine,B-SYSTEM
D3,this,O
D5,active,O
D4,back,B-FUNCTION
D2,nmap,B-TOOL
D2,exposed,B-VULNERABILITY
D5,trouble,O
D1,Detection,I-TECHNIQUE
D5,to,O
D3,established,B-FEATURE
D2,you,O
D2,discovery,I-TECHNIQUE
D4,command,I-FUNCTION
D4,It,O
D4,those,O
D3,the,O
D4,does,O
D2,services,B-FEATURE
D4,System,I-SYSTEM
D4,scan,I-FUNCTION
D4,of,O
D4,options,O
D3,vs,O
D5,is,O
D3,list,B-TECHNIQUE
D5,keywords,O
D4,how,O
D5,server,I-SYSTEM
D3,systems,I-TOOL
D5,alert,B-DATA
D4,development,I-TECHNIQUE
D2,are,O
D4,exploits,B-FUNCTION
D3,system,B-SYSTEM
D2,-,O
D4,of,O
D3,through,O
D5,are,O
D2,by,O
D1,Engine,I-TOOL
D5,procedure,O
D5,files,B-DATA
D4,connection,B-FEATURE
D5,network,B-TECHNIQUE
D4,The,O
D1,Snort,B-TOOL
D2,these,O
D4,When,O
D3,of,O
D4,in,O
D2,users,B-USER
,,
D5,facility,B-SYSTEM
D4,This,O
D5,action,O
D3,actions,O
D2,they,O
D4,how,O
D4,is,O
D3,traffic,I-DATA
D3,is,O
D3,netblocks,B-TECHNIQUE
D3,steps,O
D5,modify,O
D4,PostgreSQL,B-APP
D2,the,O
D4,vsFTPD,B-SYSTEM
D2,cause,O
D3,capabilities,O
D5,as,O
D4,module,B-FUNCTION
D4,to,O
D4,returning,O
D2,identifies,O
D2,probe,B-TECHNIQUE
D3,probes,B-TECHNIQUE
D2,connection,B-FEATURE
D3,and,O
D3,sent,O
D3,check,O
D5,log,O
D4,to,O
D3,is,O
,,
D2,The,O
D2,port,B-TOOL
D2,desired,O
D3,DNS,B-FUNCTION
D2,for,O
D4,security,B-TECHNIQUE
D2,or,O
D4,list,O
D2,with,O
D4,ones,O
D2,network,B-TECHNIQUE
D3,the,O
D3,point,O
D2,an,O
D3,FTP,B-TECHNIQUE
D3,scans,I-TECHNIQUE
D3,snort,B-TOOL
D4,OS,B-TECHNIQUE
D2,zombie,B-SYSTEM
D3,for,O
D2,is,O
,,
D3,the,O
D2,to,O
D3,packet,B-DATA
D2,check,O
D5,all,O
D4,command,I-FUNCTION
D5,file,I-DATA
D4,related,O
D4,used,O
D2,a,O
D3,properties,O
D4,window,B-SYSTEM
D4,6,O
D2,let,O
D4,exploit,B-FUNCTION
D5,helps,O
D3,TCP,B-DATA
D3,it,O
D2,scans,B-TECHNIQUE
D5,on,O
D3,results,O
D2,host,B-TECHNIQUE
D4,can,O
D3,for,O
D4,Framework,I-TOOL
D3,Metasploitable,B-SYSTEM
D2,tools,B-TOOL
D2,also,O
,,
D3,allowing,O
D3,compromise,O
D5,running,O
D4,and,O
D4,The,O
D5,out,O
D4,OpenSSH,B-TOOL
D3,before,O
D2,Scripts,B-FUNCTION
D4,you,O
D2,UDP,B-TECHNIQUE
D2,running,O
D2,that,O
D4,As,O
D4,search,B-FUNCTION
D1,data,B-DATA
D3,error,I-DATA
,,
D2,Machines,B-SYSTEM
D4,is,O
D4,the,O
D5,of,O
D3,to,O
D5,log,B-DATA
D4,by,O
D5,done,O
D4,ie,O
D5,syslogconf,B-DATA
D3,scan,I-ATTACK
D5,the,O
D4,is,O
D4,for,O
D3,evaluation,I-TECHNIQUE
D5,file,I-DATA
,,
D4,payloads,B-DATA
D3,the,O
D5,not,O
D5,at,O
D5,of,O
D3,that,O
D3,we,O
D5,the,O
D4,stop,O
D3,distinction,O
D3,firewall,B-TOOL
D3,snort,B-TOOL
,,
D3,be,O
D2,IP,B-FEATURE
,,
D3,but,O
,,
D5,u,O
D4,the,O
D1,output,O
D3,raw,B-DATA
D3,is,O
D5,log,B-SYSTEM
D2,the,O
D2,scan,B-TECHNIQUE
D1,added,O
D4,in,O
D5,Increase,O
D2,to,O
D2,connection,I-FEATURE
D5,having,O
D3,on,O
,,
,,
D4,will,O
D4,covered,O
D4,Metasploitable,B-SYSTEM
D1,forwarding,I-FEATURE
D4,following,O
D2,positives,I-FEATURE
D5,remote,B-SYSTEM
D4,will,O
D4,least,O
D3,each,O
D3,Suggest,O
D2,All,O
D3,Firewall,B-TOOL
D2,stealthier,B-VULNERABILITY
D5,Log,I-DATA
D3,If,O
D2,down,I-FEATURE
D4,is,O
D3,undesired,O
D2,header,I-FEATURE
D3,are,O
D4,to,O
D3,the,O
D4,services,B-APP
,,
D1,be,O
D5,overload,O
D1,sends,O
D3,remote,B-SYSTEM
D5,are,O
D4,port,I-FEATURE
D5,is,O
,,
D4,which,O
D3,time,O
D1,collects,O
D5,access,B-FEATURE
D2,a,O
D5,but,O
D5,to,O
D3,source,B-SYSTEM
D5,using,O
D3,level,O
D3,help,O
D2,port,B-FEATURE
D2,scan,B-FUNCTION
,,
D2,and,O
,,
D4,relevant,O
D3,a,O
D4,of,O
D4,and,O
D2,scanning,I-TECHNIQUE
D5,through,O
D4,command,B-TOOL
D3,any,O
D3,will,O
D3,Gateway,B-SYSTEM
,,
D3,Please,O
D5,the,O
,,
D2,results,O
D3,to,O
D2,Nmap,B-TOOL
D2,could,O
D3,is,O
D4,a,O
D3,your,O
D5,going,O
D5,on,O
D3,because,O
D5,Benefits,O
D3,before,O
D1,the,O
D5,no,O
D2,Unreachable,I-DATA
D3,devices,B-SYSTEM
D4,again,O
D5,specified,O
D5,generated,O
D2,popular,O
D2,of,O
D5,Restart,B-FUNCTION
D3,vulnerability,B-VULNERABILITY
D5,The,O
D5,is,O
D5,filesystem,B-SYSTEM
D2,provides,O
D3,attackers,B-ATTACKER
D5,currently,O
D3,given,O
D5,of,O
D3,rely,O
D4,exploit,I-VULNERABILITY
D1,Snort,B-FUNCTION
D4,highly,O
D3,scans,B-TECHNIQUE
D4,vulnerable,B-VULNERABILITY
D3,In,O
D3,an,O
D3,effective,O
D4,return,O
D2,the,O
D4,way,O
D2,vuln,B-VULNERABILITY
D2,kind,O
D2,back,O
D4,host,I-SYSTEM
D3,on,O
D2,particular,O
D5,different,O
D3,and,O
D3,command,B-FUNCTION
,,
D3,open,B-FEATURE
D4,run,O
D2,Most,O
D3,need,O
D3,mitigation,B-TECHNIQUE
D3,of,O
D4,includes,O
D2,than,O
D5,and,O
D5,At,O
D2,emerged,O
D4,command,I-FUNCTION
D2,horses,I-ATTACK
D2,that,O
D4,default,O
,,
D2,SYN,B-ATTACK
D5,more,O
D5,again,O
D3,periods,O
D3,to,O
D4,can,O
D4,that,O
,,
D3,further,O
D2,hosts,B-SYSTEM
D4,host,I-SYSTEM
D2,port,B-TECHNIQUE
D2,an,O
D4,set,I-FUNCTION
D3,port,B-TECHNIQUE
,,
D2,receive,B-FUNCTION
D3,However,O
D3,the,O
D5,to,O
,,
D3,missed,O
D3,or,O
D4,again,O
D4,use,O
,,
,,
D4,enabled,O
D3,for,O
D3,output,B-FEATURE
D2,only,O
D3,by,O
,,
D2,meaning,O
D4,you,O
D2,set,O
,,
D2,by,O
D3,unexplained,O
D5,the,O
D4,open-source,B-FEATURE
D5,These,O
D3,of,O
D3,some,O
D2,ICMP,B-DATA
D4,previously,O
D2,detection,I-TECHNIQUE
D4,including,O
D4,context,O
D4,ask,O
D4,TRUE,O
D3,target,B-APP
D2,firewall,B-TOOL
D3,a,O
D3,it,O
D2,an,O
D2,set,O
D2,group,O
D3,Filtering,B-FEATURE
D2,to,O
D4,information,B-DATA
D1,Snort,B-TOOL
D5,tabs,O
D4,command,B-FUNCTION
D2,the,O
D2,on,O
D5,kernel,B-APP
D3,Iptables,B-FEATURE
D4,command,I-FUNCTION
D4,The,O
D3,avoid,O
D3,the,O
D2,option,O
D5,is,O
D3,each,O
D3,pen,B-SECURITYTEAM
D2,an,O
D4,output,O
D2,scripts,B-FUNCTION
D3,automatically,O
D3,is,O
D2,to,O
D4,additional,O
D5,to,O
D4,shows,O
D3,potential,O
D5,their,O
D3,time,O
D4,to,O
D2,some,O
D4,Metasploit,B-TOOL
D5,Network,B-TECHNIQUE
D3,this,O
D2,open,B-FEATURE
D4,ports,B-FEATURE
D5,use,O
D4,Windows,B-TECHNIQUE
D3,detection,I-TECHNIQUE
D4,Project,O
,,
D3,is,O
D1,has,O
D3,example,O
D3,to,O
D5,a,O
D5,kernel,B-APP
D2,whole,O
D4,anti-forensic,B-TECHNIQUE
D4,IPS,B-TOOL
D4,Now,O
D3,Nmap,B-TOOL
D3,the,O
,,
D3,responses,B-FEATURE
D4,client-side,B-SYSTEM
D4,command,I-FUNCTION
D2,version,B-TECHNIQUE
D1,detect,O
D2,waits,O
D4,not,O
D3,not,O
D2,it,O
D2,fuzzing,B-ATTACK
D5,auto,B-TECHNIQUE
D2,and,O
D5,First,O
D1,Snort,B-TOOL
,,
D4,a,O
D3,firewall,B-TOOL
D3,rules,I-FUNCTION
D3,Metasploitable,B-SYSTEM
D3,required,O
D3,with,O
D1,Snort,B-TOOL
,,
D2,system,I-SYSTEM
D4,vulnerable,B-VULNERABILITY
D2,it,O
D2,of,I-ATTACK
D5,restart,B-FUNCTION
D3,own,O
D5,consists,O
D3,ports,B-FEATURE
D4,called,O
D2,either,O
D3,defend,B-TECHNIQUE
D3,slide,O
D2,to,O
D3,as,B-TECHNIQUE
D4,port,B-TECHNIQUE
D3,Metasploit,B-TOOL
D4,by,O
D3,based,O
D4,not,O
D4,it,O
D4,a,O
D4,the,O
D5,firewall,B-TOOL
D2,every,O
D3,by,O
D2,over,O
D5,rsyslog,B-SYSTEM
,,
D3,usually,O
D3,instead,O
,,
D5,it,O
D5,the,O
D3,filtered,B-FEATURE
D5,to,O
D4,of,O
D3,the,O
D3,perimeter,I-TECHNIQUE
D2,port,B-FEATURE
,,
D2,your,O
D2,known,O
D3,the,O
D5,to,O
,,
D2,to,O
,,
D5,getting,O
D5,you,O
D3,difficult,O
D2,probe,B-TECHNIQUE
D2,might,O
D3,may,O
D3,of,O
D5,selector,B-FEATURE
D2,system�s,I-SYSTEM
D5,dedicated,O
D2,and,O
,,
D4,report,O
D4,,B-FEATURE
D5,individual,O
D5,the,O
D3,buffer,B-ATTACK
D3,You,O
D3,pen,B-SECURITYTEAM
D3,running,O
D5,machine,B-SYSTEM
D2,attacker,I-ATTACKER
D3,traceroute,B-TOOL
D5,can,O
D3,tester,I-SECURITYTEAM
D3,exploit,B-FUNCTION
D2,default,B-FEATURE
D5,Access,B-FEATURE
D2,scan,B-TECHNIQUE
D5,logs,B-DATA
D4,need,O
D4,user,I-APP
D3,options,O
D4,Metasploit,B-TOOL
D5,remote,O
D4,hack,B-ATTACK
D4,commands,I-FUNCTION
D3,icmp-net-prohibited,B-FEATURE
D3,of,O
D2,implemented,O
D2,has,O
D3,results,O
D3,for,O
D4,the,O
D5,a,O
D5,A,O
D5,The,O
D3,packet,I-DATA
D4,context,O
D3,as,O
D4,the,O
D2,most,O
D5,With,O
D3,detected,B-TECHNIQUE
D4,exploits,B-TECHNIQUE
D4,force,I-TECHNIQUE
D3,approach,O
,,
D3,by,O
D2,the,O
D5,to,O
D3,stack,I-FEATURE
D4,get,O
D2,and,O
D2,using,O
D1,packet,B-DATA
D2,type,O
D5,and,O
D4,command,I-FUNCTION
D3,the,O
D2,to,O
D3,using,O
D2,found,O
D3,Features,B-FEATURE
D3,to,O
D3,from,O
D4,a,O
D4,switch,O
D3,by,O
D3,tiny,B-FEATURE
D5,will,O
D3,as,O
D4,show,O
D4,target,B-SYSTEM
D4,to,O
D5,using,O
D5,log,B-FUNCTION
D2,positives,I-FEATURE
D3,gateway,B-SYSTEM
D5,via,O
D3,back,O
D5,ubuntu,B-SYSTEM
D5,rule,B-FUNCTION
D2,usually,O
D2,scanning,B-TECHNIQUE
D3,as,O
D1,rules,I-FUNCTION
D3,addresses,B-FEATURE
D2,Port,I-DATA
D2,any,O
D4,target,B-FEATURE
D2,sending,B-FUNCTION
D3,them,O
D4,enumerate,B-FUNCTION
D3,rules,I-FUNCTION
D3,compare,O
D2,on,O
D3,feedback,O
D2,listening,B-FEATURE
D4,the,O
D4,vulnerable,B-VULNERABILITY
D5,level,O
,,
D2,request,I-FEATURE
D2,Use,O
D4,by,O
D2,because,O
D2,are,O
D3,Nmap,B-TOOL
D2,RPC,B-APP
D4,and,O
D2,multiple,O
D2,live,B-SYSTEM
D4,and,O
D2,the,O
D2,the,O
D2,it,O
D4,Linux,I-SYSTEM
D2,not,O
D2,packets,B-DATA
D3,reset,B-FEATURE
D2,Nmap,B-FUNCTION
D2,that,O
D4,penetration,B-SECURITYTEAM
D4,Linux,I-SYSTEM
D5,on,O
D4,need,O
D3,explore,O
D3,to,O
D2,firewall,I-FEATURE
D4,for,O
D4,exploit,B-FUNCTION
,,
D2,the,O
D4,option,O
D4,is,O
D4,parameters,B-FEATURE
D5,using,O
D4,authentication,B-TECHNIQUE
D5,logging,B-FUNCTION
D2,popular,O
D5,receive,O
D3,113/tcp,I-FEATURE
D5,Ubuntu,B-SYSTEM
D4,Its,O
D3,resolution,I-FUNCTION
D2,to,O
D2,or,O
D1,tested,O
D2,device,I-SYSTEM
D5,as,O
D3,the,O
D3,testing,I-TECHNIQUE
D4,easiest,O
D5,50-defaultconf,B-DATA
D4,exploit,B-FUNCTION
D3,the,O
D3,packets,I-DATA
,,
D3,No,O
D3,alarms,B-FUNCTION
D2,of,O
D3,analysis,O
,,
D4,is,O
D2,controversial,O
D1,be,O
D2,at,O
D3,a,O
D3,Many,O
D3,test,I-TECHNIQUE
D3,only,O
D3,are,O
D1,data,B-FEATURE
D5,key,O
D4,is,O
D2,enhance,O
D3,is,O
D1,used,O
D5,learn,O
D3,chosen,O
D4,In,O
D2,a,O
D2,include,O
D3,whether,O
D3,best,O
D3,TCP,B-FEATURE
D4,sleds,I-FUNCTION
D2,perform,O
D2,tool,B-TOOL
D4,to,O
D4,and,O
D2,are,O
,,
D3,assessing,B-TECHNIQUE
D3,n,O
D3,and,O
D4,change,O
D2,the,O
D3,properly,O
D3,which,O
D5,server,I-SYSTEM
D3,can,O
D4,Metasploit,B-TOOL
D3,on,O
D2,program,O
D5,a,O
,,
D5,selectors,B-FEATURE
D3,like,O
D2,parallelism,O
,,
D2,open,B-FEATURE
D3,will,O
D3,or,O
D3,Whether,O
D2,this,O
D3,is,O
D2,which,O
D5,it,O
D2,you,O
D3,and,O
D3,is,O
D5,level,O
D4,more,O
D2,scan,B-TECHNIQUE
D4,will,O
D3,to,O
D4,as,O
D2,allow,O
D5,logs,B-DATA
D2,port,B-TOOL
D4,you,O
D5,in,O
D5,node,B-SYSTEM
D5,for,O
D5,all,O
D4,the,O
D2,such,O
D2,to,O
D5,of,O
D2,show,O
D1,data,I-DATA
D4,Framework,I-TOOL
D4,use,O
D3,restricted,O
D3,and,O
D2,write,O
D1,disabled,O
D3,be,O
D4,use,O
D4,this,O
D3,from,O
D3,is,O
D2,pentesting,B-TECHNIQUE
D4,and,O
D3,reasons,O
D2,is,O
D3,bad,B-ATTACKER
D1,tested,O
D4,a,O
D3,leaving,O
D2,processes,B-TECHNIQUE
D4,using,O
D2,not,O
D3,through,O
D1,network,I-SYSTEM
D2,or,O
D3,to,O
D2,run,B-FUNCTION
D3,data,B-DATA
D3,to,O
D2,the,O
D5,use,O
D3,VM,I-SYSTEM
D2,and,O
D3,snort,B-TOOL
D5,logging,B-TOOL
D4,are,O
D2,scan,I-TECHNIQUE
D4,target,B-SYSTEM
D5,action,B-FEATURE
D3,network,B-TECHNIQUE
,,
D2,record,O
D4,IP,B-FEATURE
D4,Metasploitable,B-SYSTEM
D4,process,I-TECHNIQUE
D3,firewall,B-TOOL
D3,because,O
D3,which,O
D3,be,O
D4,running,O
D2,network,B-SYSTEM
D2,with,O
D2,detection,I-TECHNIQUE
D5,problem,O
D5,on,O
D3,scripts,B-FUNCTION
D2,advanced,O
D1,can,O
D3,in,O
D2,one,O
D2,super,O
D2,-,O
D1,unified2,B-TOOL
D5,kernel,B-APP
D3,features,O
D2,hidden,B-VULNERABILITY
D3,the,O
D4,scripts,B-FUNCTION
D2,into,O
D3,One,O
D3,By,O
,,
D4,will,O
D2,systems,I-SYSTEM
D2,debate,O
D2,language,I-TOOL
D5,the,O
D3,in,O
D4,No,B-FUNCTION
D2,method,I-TECHNIQUE
D2,run,O
D2,own,O
D4,external,B-FUNCTION
D1,payload,B-FEATURE
D5,actions,B-FEATURE
D5,sent,O
D3,maximum,O
D2,customized,O
D5,of,O
,,
D3,from,O
D3,be,O
D2,IP,B-FEATURE
D2,or,O
D1,previous,B-FEATURE
D4,and,O
D4,access,O
D2,limited,O
D3,the,O
D5,syslogconf,B-DATA
D4,switch,O
D4,it,O
D2,hard,O
D3,to,O
D5,default,B-FEATURE
D3,hack,B-ATTACK
D4,information,B-DATA
D1,can,O
D4,the,O
D3,a,O
D4,the,O
D2,completes,O
D2,a,O
D2,locally,B-FEATURE
D5,being,O
D3,testing,B-SYSTEM
D5,mark,B-FEATURE
D2,every,O
D4,you,O
,,
D5,of,O
D3,devices,B-SYSTEM
D5,and,O
D2,broadcast,B-FEATURE
,,
D5,log,B-DATA
D3,scans,B-TECHNIQUE
D1,can,O
D2,become,O
D3,of,O
,,
D5,the,O
D2,and,O
D5,Ubuntu,B-SYSTEM
D5,which,O
D3,adds,O
D4,check,O
D2,SYN,B-TECHNIQUE
D1,Detection,B-TOOL
D3,options,O
D3,pentest,B-TECHNIQUE
D5,daemon,B-TOOL
D5,you,O
D3,TCP,B-FEATURE
D2,Scans,B-TECHNIQUE
,,
D3,from,O
D3,and,O
D5,one,O
,,
D3,your,O
D2,on,O
D2,inspect,O
D5,user,B-USER
D5,rsyslog,B-SYSTEM
D1,packets,B-DATA
D4,for,O
D5,messages,B-DATA
D4,command,I-FUNCTION
,,
D5,the,O
D5,syslogd,B-DATA
D2,services,B-APP
D2,all,O
D2,that,O
D3,platforms,B-SYSTEM
D3,hand,O
D3,provide,O
D4,is,O
D2,requirement,O
D4,for,O
D3,or,O
D2,running,O
D4,can,O
D5,the,O
D3,holes,I-VULNERABILITY
,,
D3,is,O
D3,idle,B-ATTACK
D2,IP,B-FEATURE
D4,it,O
D2,the,O
D3,of,O
D5,have,O
D4,you,O
D4,icon,O
,,
D4,data,B-DATA
D2,checks,O
D2,on,O
D2,the,O
D3,is,O
D3,two,O
D4,Metasploit,B-TOOL
D5,of,O
D4,targets,B-SYSTEM
,,
D2,get,O
D3,on,O
D5,514,I-FEATURE
,,
D5,the,O
,,
D4,resolution,I-FUNCTION
,,
D2,Using,O
D3,do,O
D2,due,O
D5,log,B-DATA
D2,name,B-FEATURE
D3,tester,I-SECURITYTEAM
D3,Metastploitable,B-SYSTEM
D2,Connect,I-TECHNIQUE
D3,the,O
D5,on,O
D4,MS-RPC,B-FUNCTION
D3,port,I-TECHNIQUE
D3,can,O
D4,common,O
D4,most,O
D2,each,O
D3,as,O
D3,the,O
D5,The,O
D4,search,O
D3,filter,B-FEATURE
D2,following,O
D4,one,O
D5,mail,B-APP
D5,all,O
D3,use,O
D3,the,O
,,
,,
D5,rsyslog,B-TOOL
D3,endeavors,O
D3,of,O
D3,One,O
D4,modify,O
D3,tester,I-SECURITYTEAM
D2,to,O
D5,be,O
D2,reveal,B-FEATURE
D5,it,O
D3,your,O
D2,To,O
D3,template,B-FEATURE
D1,real,O
,,
D4,platform,B-APP
D5,location,B-SYSTEM
D4,interface,I-APP
D2,and,O
D3,improve,O
D3,has,O
D2,has,O
,,
D3,running,O
D5,server,B-SYSTEM
D3,of,O
D2,to,O
D3,simply,O
D3,packets,I-DATA
D4,command,B-TOOL
D5,the,O
D4,After,O
D5,aka,O
D2,common,O
D1,used,O
D5,practice,O
D2,test,B-FUNCTION
D2,auth,B-FUNCTION
D3,machine,B-SYSTEM
D3,fragmentation,B-FEATURE
D2,Metasploit,B-TOOL
D3,setup,B-SYSTEM
D3,that,O
D1,can,O
D2,allows,O
D3,and,O
D4,SMB,B-SYSTEM
D2,scripts,I-FUNCTION
D4,exploit,B-FUNCTION
D3,due,O
D3,forged,B-ATTACK
D1,network,B-ATTACK
D3,reside,O
,,
D5,similar,O
D2,TCP,B-TECHNIQUE
D5,support,I-TECHNIQUE
D2,stealthy,B-VULNERABILITY
,,
D3,packets,I-DATA
,,
D2,UDP,B-TECHNIQUE
,,
D5,concepts,O
D4,commands,B-FUNCTION
D5,this,O
D1,tested,O
D3,in,O
D2,up,O
D2,unreachable,I-DATA
D2,run,B-FUNCTION
D2,thousands,O
D2,packet,I-DATA
D3,of,O
D3,operating,B-SYSTEM
D2,But,O
D5,error,B-DATA
D3,the,O
D3,the,O
D4,with,O
D2,exploit,B-FUNCTION
D3,connect,B-TECHNIQUE
D2,before,O
D3,from,O
D4,Free,I-VULNERABILITY
D4,techniques,I-TECHNIQUE
D3,node,B-SYSTEM
D5,However,O
D5,to,O
D5,from,O
D3,implications?,O
D2,an,O
D3,differ,O
D2,OS,I-SYSTEM
D2,get,O
D3,system,I-SYSTEM
,,
D3,overlapping,B-FEATURE
D2,is,O
D1,be,O
D2,flood,I-ATTACK
,,
D2,provides,O
D5,using,O
D3,The,O
D2,When,O
D2,the,O
D3,RST,B-DATA
D2,packet,I-DATA
D3,and,O
D3,snort,B-TOOL
D5,lab,O
D2,scripts,B-FUNCTION
D5,separate,O
D3,one,O
D4,that,O
D3,information,B-DATA
D3,industry-standard,O
,,
D2,Free,B-SYSTEM
D5,incident,B-TECHNIQUE
D4,us,O
D5,on,O
D3,port,B-TECHNIQUE
,,
D3,and,O
D3,of,O
D5,configuration,B-DATA
D3,at,O
D2,by,O
D4,results,O
D2,vulnerability,B-TECHNIQUE
D1,Attack,I-ATTACK
D4,the,O
D2,of,O
D4,generator,I-FUNCTION
D4,service,I-APP
D4,msfconsole,B-TOOL
,,
D2,packet,I-DATA
D3,on,O
D2,after,O
D4,all,O
D3,open,B-FEATURE
D2,F,O
D2,skip,O
D4,is,O
D2,of,O
D3,response,I-FEATURE
D4,is,O
D4,The,O
D5,etc,O
D2,this,O
D5,remote,B-SYSTEM
D5,does,O
D2,may,O
D2,formatting,B-FUNCTION
D1,options,I-FEATURE
D4,retrieve,O
D5,logs,B-DATA
D3,deep,O
D3,scanning,B-TECHNIQUE
D3,idle,B-TECHNIQUE
,,
D3,closed,B-FEATURE
D2,scan,B-TECHNIQUE
D3,evading,B-TECHNIQUE
D2,will,O
D3,strength,O
D1,can,O
D3,IP,B-FEATURE
D2,basic,O
D3,all,O
D3,be,O
D3,disallowed,O
D3,interpret,O
D4,search,O
D3,way,O
D2,sender,B-SYSTEM
D4,services,B-APP
D2,the,O
D4,Linux,B-SYSTEM
D2,the,O
D2,completed,O
D4,,B-FEATURE
D2,scan,I-TECHNIQUE
D3,do,O
D3,can,O
D3,blocked,B-FEATURE
D3,reboot,B-FUNCTION
D2,IP,I-DATA
D5,are,O
D3,the,O
D5,if,O
D4,shell,I-TOOL
D4,target,B-SYSTEM
D2,the,O
,,
D4,2003,I-SYSTEM
D3,purposely,O
D2,existence,O
D2,most,O
D3,targeted,B-APP
,,
D2,be,O
D3,perform,O
D2,web,B-SYSTEM
D3,the,O
,,
D2,be,O
D4,A,O
D3,by,O
D3,unreachable,I-DATA
D5,issues,O
D3,they,O
D1,damage,O
D5,status,O
D5,for,O
D2,one,O
D2,familiar,O
D3,only,O
D2,guess,O
D4,Nmap,B-TOOL
D2,Procedure,I-FUNCTION
D2,FIN,B-TECHNIQUE
D4,project,O
D2,Remote,B-FUNCTION
D3,ping,B-FUNCTION
D5,storing,O
D3,identification,I-FEATURE
D3,are,O
D2,hosts,I-SYSTEM
D4,port,B-TECHNIQUE
D1,protocol,B-TECHNIQUE
D2,in,O
D4,which,O
D3,the,O
D4,service,B-TECHNIQUE
D4,different,O
D2,intrusive,B-FUNCTION
D3,performance,B-TECHNIQUE
D2,the,O
D2,coded,O
D2,in,O
D3,according,O
D4,service,I-APP
D3,vulnerable,B-VULNERABILITY
D2,If,O
D3,of,O
D4,the,O
D2,tools,B-TOOL
D3,Fragmentation,B-TECHNIQUE
D4,us,O
D5,field,I-FEATURE
D4,ls,B-FUNCTION
D3,machine,B-SYSTEM
D3,way,O
D3,are,O
D4,you,O
D5,be,O
D4,backdoors,B-ATTACK
D4,like,O
D2,their,O
D3,to,O
,,
D3,The,O
D3,eight,O
D4,SP2,I-SYSTEM
D2,a,O
D2,website,B-SYSTEM
D3,open,B-FEATURE
,,
D2,handshake,I-TECHNIQUE
D3,destination,I-DATA
D2,is,O
D5,be,O
D2,the,O
D2,share,O
D4,can,O
D2,DOS,B-ATTACK
D4,scan,I-TECHNIQUE
D5,priorities,O
D5,modifications,O
D3,Verify,O
D2,you,O
D4,graphical,B-APP
D4,virtual,B-SYSTEM
,,
D2,attacks,B-ATTACK
,,
D3,bit,I-DATA
D4,can,O
D1,verify,O
D4,search,O
D2,determine,O
D5,the,O
,,
D2,to,O
D3,1804,I-SYSTEM
D2,IDLE,B-TECHNIQUE
D3,of,O
D2,allows,O
D3,confusing,O
,,
D3,Nmap,B-TOOL
D5,error,B-DATA
D4,in,O
D3,is,O
D2,one,O
D2,speed,O
D2,,O
D3,the,O
D1,icmp,B-FUNCTION
D3,this,O
D3,that,O
D1,tcpdump,B-DATA
D5,file,I-DATA
D3,second,O
D2,to,O
D3,observe,O
D5,the,O
D2,hacker,B-ATTACKER
D5,the,O
D4,sniffing,I-TECHNIQUE
D3,Nmap,B-TOOL
D3,can,O
D4,written,O
D5,host,B-SYSTEM
,,
D2,scans,I-TECHNIQUE
D5,files,I-DATA
D3,form,O
D2,performing,O
D2,It,O
D3,areas,O
,,
D1,is,O
D3,files,I-DATA
D4,a,O
D2,overwhelmed,O
D3,Nmap,B-TOOL
D2,What,O
D3,scans,I-TECHNIQUE
D4,tester,I-SECURITYTEAM
D3,a,O
D4,Enum4linux,B-TOOL
D2,Vanilla,I-TECHNIQUE
D5,the,O
D4,0,O
D4,SYN,B-TECHNIQUE
D4,used,O
D3,passing,O
D3,most,O
D1,size,I-FEATURE
D5,basic,O
D2,is,O
D4,ports,I-FEATURE
D3,actions,O
D4,an,O
D3,of,O
D2,network,B-SYSTEM
D5,the,O
D2,Only,O
D3,machine,B-SYSTEM
D3,the,O
D2,popular,O
D3,traceroutes,B-TOOL
D3,to,O
D4,few,O
D2,after,O
D2,Faster,O
D5,all,O
D3,usually,O
D4,NSE,B-TOOL
D3,scanning,B-TECHNIQUE
D2,Nmap,B-TOOL
D5,facility,B-SYSTEM
D4,scanning,I-TECHNIQUE
D4,against,O
D3,ports,I-FEATURE
,,
D5,or,O
D3,errors,I-DATA
D5,Using,O
D4,of,O
D3,scanning,B-TECHNIQUE
D4,and,O
D2,by,O
D3,a,O
D2,packet,B-TECHNIQUE
D5,to,O
D5,The,O
,,
,,
D5,address,O
D5,and,O
D3,and,O
D1,options,I-FEATURE
D5,log,B-FUNCTION
D3,not,O
D4,use,O
D3,ports,I-FEATURE
D2,Once,O
,,
D4,followed,O
D3,statefully,B-FEATURE
D3,can,O
D3,determine,O
D5,file,B-DATA
,,
D4,to,O
D2,the,O
D1,types,O
D2,send,O
D3,to,O
D3,from,O
D2,scripts,I-FUNCTION
D2,only,O
D2,than,O
D4,are,O
,,
D2,perform,O
D4,the,O
,,
D4,Player,I-SYSTEM
D2,sets,O
D4,post,B-FUNCTION
D5,the,O
D4,but,O
D4,command,B-TOOL
D3,packets,I-DATA
D2,you,O
D4,list,O
D3,is,O
D2,SYN,B-TECHNIQUE
D5,contain,O
D5,may,O
D5,level,O
D3,scan,B-TECHNIQUE
D3,packets,I-DATA
D5,standard,O
D3,are,O
D3,you,O
D2,SYN,B-DATA
D4,the,O
D3,is,O
D5,installed,O
D3,machine,I-SYSTEM
D5,configured,B-FUNCTION
D5,in,O
D3,These,O
D3,are,O
D4,This,O
D3,stateful,B-FEATURE
D2,to,O
D5,log,B-SYSTEM
D2,over,O
D1,enabled,O
D5,or,O
D2,whether,O
D4,is,O
D4,command,B-TOOL
D4,also,O
D5,specified,O
D3,host�s,B-SYSTEM
D5,Local,B-FEATURE
D1,can,O
D5,how,O
D2,scan,I-TECHNIQUE
D2,-,O
D2,scans,B-TECHNIQUE
D4,security,B-VULNERABILITY
D4,known,O
D2,from,O
D5,to,O
D2,The,O
D2,and,O
D3,ie,O
D3,having,O
D3,an,O
D3,firewall,B-TOOL
D5,it,O
,,
D2,to,O
D2,packet,I-DATA
D5,for,O
D5,suffers,O
D4,vulnerable,B-VULNERABILITY
D2,Scan,B-TECHNIQUE
D2,hosting,B-FEATURE
D2,target,B-SYSTEM
D5,use,O
D3,receiving,O
D5,then,O
D3,many,O
D3,VM,B-SYSTEM
D4,own,O
D4,payloads,B-DATA
D3,ACK,B-DATA
,,
D3,can,O
D3,modify,O
D3,Blocking,B-FEATURE
D2,Nmap,B-TOOL
D3,policies,B-FEATURE
D4,the,O
D2,is,O
D2,own,O
D3,to,O
D4,from,O
D3,previous,O
D3,that,O
,,
,,
D5,tries,O
D5,an,O
D3,they,O
D3,least,O
D4,found,O
D4,and,O
D4,for,O
D3,the,O
D3,attacks,B-ATTACK
,,
D4,only,O
D2,identifying,O
D3,to,O
D4,and,O
D1,analysis,I-TECHNIQUE
D3,you,O
D4,the,O
D2,scans,I-TECHNIQUE
D3,Detecting,B-TECHNIQUE
D5,separated,O
D3,a,O
D4,Metasploit,B-TOOL
D3,tcp-reset,B-FEATURE
D4,shell,I-TOOL
D5,file,I-DATA
D3,machines,B-SYSTEM
D4,the,O
D3,option,O
D2,and,O
D2,external,B-SYSTEM
D5,remote,B-SYSTEM
D4,most,O
,,
D2,run,B-FUNCTION
D2,it,O
D2,three-way,B-TECHNIQUE
D5,to,O
,,
D2,stealthy,B-TECHNIQUE
D3,or,O
D4,FALSE,O
D3,configure,B-FUNCTION
D3,critical,B-FEATURE
D3,ACK,B-TECHNIQUE
D2,to,O
D3,MSF,B-TOOL
D3,packet,I-DATA
D2,is,O
D5,configured,B-FUNCTION
D2,your,O
D3,activity,I-VULNERABILITY
D5,when,O
D4,will,O
D4,modules,B-FUNCTION
D3,lab,O
D3,T,O
D2,a,O
D2,may,O
D3,accept,O
D4,you,O
,,
D4,the,O
D5,two,O
D5,we,O
D2,is,O
D2,command-line,B-TOOL
D5,in,O
D3,check,O
D4,to,O
D3,and,O
D5,from,O
D4,2,I-SYSTEM
D2,ability,O
D3,analysis,B-TECHNIQUE
D4,the,O
D3,or,O
D3,sends,O
D2,this,O
D5,its,O
D3,systems,I-SYSTEM
D3,allow,O
D2,its,O
D3,tester,I-SECURITYTEAM
D3,client,B-SYSTEM
D5,the,O
D2,Windows,B-SYSTEM
D3,you,O
D3,for,O
D4,of,O
D5,sending,O
D3,approach,O
D4,can,O
D5,configuration,B-DATA
D1,Decoder,I-TOOL
D4,on,O
D3,you,O
D3,is,O
D4,services,B-APP
D3,snort,B-FUNCTION
D2,is,O
D4,Metasploit,B-TOOL
D2,Full,B-TECHNIQUE
D4,find,O
D2,Network,B-TECHNIQUE
D1,Firewall,B-TOOL
D2,process,B-TECHNIQUE
D4,not,O
D4,to,O
D2,Nmap,B-TOOL
D2,Nmap,B-TOOL
D4,settings,O
D2,know,O
D1,checks,O
D3,kicked,O
D3,To,O
D3,hats',B-SECURITYTEAM
D2,which,O
D5,not,O
D3,and,O
D5,and,O
D4,is,O
D5,related,O
D4,the,O
D4,meet,O
D2,Xmas,O
D3,and,O
,,
D2,relying,O
,,
D2,software,B-TECHNIQUE
D2,TCP,B-FEATURE
D2,slow,B-FEATURE
D2,is,O
D2,diagnostic,I-TECHNIQUE
,,
D3,packet,I-DATA
D4,as,O
D3,Nmap,B-TOOL
D4,shortened,O
D3,IDS,B-TOOL
D5,You,O
D2,unreliable,O
D3,to,O
D5,port,B-FEATURE
D2,open,B-FEATURE
D3,The,O
D3,the,O
D2,these,O
D3,are,O
D2,many,O
D2,IP,B-FEATURE
D2,write,O
D2,this,O
D3,how,O
D3,why,O
,,
D4,be,O
,,
D4,The,O
D2,Forge,B-VULNERABILITY
D2,with,O
D2,IP,B-FEATURE
,,
D4,Windows,B-SYSTEM
D1,in,O
D4,enter,O
D3,of,O
D3,another,O
D5,Default,B-FEATURE
D4,number,O
D5,one,O
D3,fragmentation,B-TECHNIQUE
D4,use,O
D3,and,O
,,
D2,that,O
D5,mail,B-APP
D2,multiple,O
D3,to,O
D3,and,O
D2,for,O
D1,logger,I-TOOL
D2,but,O
D5,rsyslog,B-TOOL
D3,msfconsole,B-TOOL
D2,run,B-FUNCTION
D3,around,O
D5,uses,O
D2,Rather,O
D5,file,I-DATA
D2,Ack,B-TECHNIQUE
D3,weeks,O
D2,packets,B-DATA
D5,the,O
D2,and,O
D4,plugins,B-TOOL
D1,is,O
D5,store,O
D3,Systems,I-TOOL
D2,send,O
,,
D3,secure,B-FEATURE
,,
D2,scan,I-TECHNIQUE
D4,retrieve,O
D5,the,O
D4,general,O
D3,is,O
D1,sniffs,B-TECHNIQUE
D4,the,O
D5,sending,O
D2,it,O
D3,is,O
D3,Nmap,B-TOOL
D2,networks,B-SYSTEM
,,
D4,consists,O
D5,err,B-DATA
D4,Server,I-SYSTEM
,,
D3,as,O
D3,feedback,O
D2,not,O
D2,service,B-APP
D5,ALL,O
D3,rules,I-FUNCTION
D3,iptables,B-APP
D4,NOP,B-FUNCTION
D4,of,O
D3,still,O
D2,it,O
D2,ICMP,B-DATA
D5,on,O
D3,Metasploit,B-TOOL
D5,overloaded:,O
D2,that,O
D3,or,O
D3,robust,O
D2,-,O
D4,compatible,O
D4,the,O
D5,The,O
D3,given,O
D4,name,B-FEATURE
,,
D5,we,O
D4,the,O
D4,you,O
D3,Server,B-SYSTEM
D4,issue,O
D3,ports,I-FEATURE
D1,Packet,B-TOOL
D4,ports,B-FEATURE
D4,realvnc_client,B-VULNERABILITY
D2,version-intensity,B-FEATURE
D2,to,O
D5,client,B-SYSTEM
D3,through,O
D5,produced,O
D3,defenders,I-SECURITYTEAM
D5,big,O
D4,the,O
D5,configurations,I-FEATURE
D4,explained,O
D3,suggested,O
D5,The,O
D5,is,O
D4,computer,B-TECHNIQUE
D4,Use,I-VULNERABILITY
D3,both,O
D2,Full,I-TECHNIQUE
D2,rulesets,B-FUNCTION
D3,network,B-SYSTEM
D3,of,O
D3,more,O
D4,info,B-DATA
D1,spoofed,B-VULNERABILITY
D2,malicious,B-ATTACK
D5,subsystem,B-SYSTEM
,,
D2,the,O
D1,can,O
D4,you,O
D2,at,O
D3,from,O
D3,major,O
D3,packets,I-DATA
D3,these,O
D4,Flash,B-APP
D3,snort,B-FUNCTION
D5,Suppose,O
D4,signatures,B-FEATURE
D4,of,O
D2,detection,I-TECHNIQUE
D2,useful,O
D2,systems,I-SYSTEM
D4,and,O
D4,will,O
D4,verify,O
D3,the,O
D5,remote,B-SYSTEM
D3,for,O
D5,describing,O
D5,system,B-DATA
D4,Linux,I-SYSTEM
,,
D2,every,O
D3,ACK,B-DATA
D2,gives,O
D3,such,O
D2,to,O
D5,is,O
D4,ARP,B-TECHNIQUE
D4,needs,O
D4,tab,B-FUNCTION
D4,set,O
D4,is,O
D4,targeting,B-SYSTEM
D2,alongside,O
D4,leave,O
D2,scan,B-TECHNIQUE
D3,the,O
D4,command,I-FUNCTION
D3,options,O
D3,at,O
D5,etc,O
D3,Run,O
D4,base,O
D3,IP,B-FEATURE
D3,they,O
D3,bounce,I-TECHNIQUE
D3,pentesting,B-TECHNIQUE
D4,and,O
D1,anomalies,I-VULNERABILITY
D4,encoding,B-FUNCTION
D3,methods,O
D2,again,O
D4,security,B-VULNERABILITY
D3,to,O
D3,to,O
D3,Many,O
D3,instead,O
D4,you,O
D3,and,O
D2,host,B-SYSTEM
D4,change,O
D4,sleds,I-FUNCTION
D5,the,O
D4,exploit,B-FUNCTION
D5,server,I-SYSTEM
D4,Use,O
D3,chosen,O
D3,Nmap,B-TOOL
D4,of,O
D2,ICMP,B-DATA
,,
D3,assessments,B-TECHNIQUE
D3,marketing,O
D4,will,O
,,
D5,overall,O
,,
D5,error,B-DATA
D2,UDP,B-DATA
D3,to,O
D2,repair,O
D1,output,O
D4,version,B-FEATURE
D3,use,O
D3,Forging,B-ATTACK
,,
D3,responses,B-FEATURE
D5,info,B-DATA
D2,It,O
D5,the,O
D2,program,B-FUNCTION
D4,modules,I-TOOL
D4,exploit,B-FUNCTION
D4,The,O
D3,packets,I-DATA
D3,can,O
D5,will,O
D4,Fingerprinting,B-TECHNIQUE
D4,Linux,I-SYSTEM
D2,never,O
D4,contains,O
D2,often,O
D5,one,O
D2,as,O
D2,is,O
D5,To,O
D5,rsyslog,B-TOOL
D2,good,O
D5,architecture,I-SYSTEM
D3,overflow,I-ATTACK
D5,as,O
D4,NOP,B-FUNCTION
D3,793,I-FEATURE
D3,which,O
D4,username,B-FEATURE
D5,cannot,O
D2,ID,I-FEATURE
D2,FIN,B-DATA
D3,being,O
D4,Linux,B-SYSTEM
D4,using,O
D3,security,B-SYSTEM
D1,Detection,I-TECHNIQUE
D2,the,O
D3,reported,O
D1,tcpdump,B-DATA
D4,set,O
D3,this,O
D3,the,O
D4,NSE,B-TOOL
D2,computers,O
D2,assume,O
D3,security,I-TECHNIQUE
D5,root,O
D4,in,O
D3,hosts,B-SYSTEM
D4,if,O
D4,and,O
D4,If,O
D3,it,O
D3,an,O
D3,mail,O
D2,GUI,B-TOOL
D4,from,O
D3,your,O
D3,Metasploit,B-TOOL
D4,targets,B-SYSTEM
D3,machine,B-SYSTEM
D2,you,O
D4,to,O
D5,Make,O
D3,inferences,O
D2,generates,O
D4,process,O
D5,use,O
D5,rsyslog,B-TOOL
D2,authentication,I-TECHNIQUE
D3,pen,B-SECURITYTEAM
D5,of,O
D3,you,O
D5,wants,O
D3,many,O
D3,that,O
D2,by,O
D4,and,O
D3,timeouts,I-FEATURE
D3,block,B-FEATURE
D3,or,O
D2,respond,B-FEATURE
,,
D5,send,O
D2,use,O
D1,Decoder,I-TOOL
D3,by,O
D2,target�s,B-SYSTEM
D2,site,B-SYSTEM
D4,enumerate,B-FUNCTION
D2,If,O
D2,be,O
D2,IP,B-DATA
D4,search,O
D3,eagerly,O
,,
D4,Note,O
D3,How,O
D3,network,B-SYSTEM
D3,on,O
D3,a,O
D5,will,O
D3,while,O
D3,option,I-FEATURE
D3,It,O
D4,parameters,B-FEATURE
D2,However,O
D3,ping,B-TOOL
D4,tool,O
D3,white-box,B-TECHNIQUE
D2,estimated,O
,,
D4,uses,O
D5,under,O
D5,as,O
,,
D3,source,B-SYSTEM
D4,procedure,O
D2,send,O
D2,used,O
D5,the,O
D4,the,O
D2,target,B-FEATURE
D3,will,O
D2,RESET,B-FEATURE
D4,executed,O
D2,fuzzer,B-FUNCTION
D2,and,O
D4,the,O
D4,example,O
D3,inline,O
D4,systems,I-SYSTEM
D5,and,O
D3,is,O
,,
D4,what,O
D3,sniff,B-TECHNIQUE
,,
D3,it,O
D3,by,O
D5,are,O
D2,the,O
D2,does,O
D2,if,O
D3,lab,O
D4,Nmap,B-TOOL
D3,parties,O
D4,to,O
D3,not,O
D4,running,O
D3,firewalls,B-TOOL
D5,will,O
D5,hostname,B-FEATURE
D3,be,O
D3,security,I-TECHNIQUE
D2,can,O
D2,service,I-ATTACK
D3,task,O
D3,compare,O
D5,The,O
D5,We,O
D2,a,O
D4,netdiscover,B-TOOL
D5,prefixing,O
D3,work,O
D2,is,O
D5,implement,O
D5,folder,B-DATA
D4,machine,I-SYSTEM
D3,hosts,I-SYSTEM
D3,RPC,B-TECHNIQUE
D3,by,O
D3,firewall,B-TOOL
D3,be,O
D4,by,O
D4,can,O
D2,and,O
D3,the,O
D3,certain,O
D2,a,O
D3,the,O
D2,responses,I-FEATURE
D3,leveraging,O
,,
D2,scripts,B-FUNCTION
D4,also,O
D5,file,B-SYSTEM
D4,log,O
D2,open,B-FEATURE
D4,The,O
D4,you,O
D2,nmap,B-TOOL
D3,DNS,B-FUNCTION
D4,leaving,O
D2,this,O
D3,as,O
,,
,,
,,
D2,for,O
D4,to,O
D2,to,O
D3,IDS,B-TOOL
D3,You,O
D3,same,O
D3,scan,I-FEATURE
D4,As,O
D2,a,O
D3,feature,O
D3,port,B-TECHNIQUE
D5,configure,B-FUNCTION
D3,include,O
D3,of,O
D3,as,O
D3,and,O
D3,Nmap,B-TOOL
,,
D4,the,O
D2,the,O
D2,system,B-SECURITYTEAM
D4,will,O
D4,vulnerabilities,I-VULNERABILITY
D5,are,O
D3,how,O
D3,firewall,B-TOOL
D2,network,B-TECHNIQUE
D4,return,O
D4,users,I-VULNERABILITY
D3,them,O
D4,default,O
D4,in,O
D3,the,O
D4,for,O
D4,a,O
D2,sC,O
D4,required,O
D2,the,O
D3,following,O
D3,for,O
D4,2633,I-SYSTEM
D3,firewall,B-TOOL
D2,bit,I-DATA
D3,restriction,O
D3,white-box,B-SECURITYTEAM
D5,be,O
D4,settings,B-FEATURE
D2,increasingly,O
D3,error,I-DATA
D3,and,O
D4,target,B-SYSTEM
D3,successfully,O
D2,Gentoo,B-SYSTEM
D3,being,O
D4,To,O
D2,to,O
D2,port,B-FEATURE
D2,sophisticated,O
D2,conditions,O
D5,server,I-SYSTEM
D2,scan,B-TECHNIQUE
D3,learn,O
D4,lab,O
D5,all,O
D5,memory,B-TECHNIQUE
D3,snort,B-FUNCTION
D2,way,O
D5,warning,B-DATA
D3,restrict,O
D5,syslog,B-TOOL
D2,server,B-SYSTEM
D3,port,B-FEATURE
D4,Linux,B-SYSTEM
D5,working,O
D4,2,I-SYSTEM
D4,the,O
D3,ACK,B-DATA
D4,for,O
D2,to,O
D3,in,O
D3,across,O
D3,Based,O
D1,domain,I-SYSTEM
D3,the,O
,,
D3,is,O
D2,service,B-TECHNIQUE
D3,Using,O
D3,has,O
D4,the,O
D4,Flash,B-TOOL
D4,to,O
D2,UDP,B-FEATURE
D2,devices,I-SYSTEM
D3,clear,O
D3,Blocking,B-FEATURE
D2,from,O
D4,The,O
D4,only,O
D4,be,O
D3,that,O
D5,priority,B-FEATURE
D4,the,O
D2,scripts,I-FUNCTION
D3,them,O
D5,the,O
D3,must,O
D3,TCP,B-TECHNIQUE
D4,generator,I-FUNCTION
D5,which,O
D2,the,O
D4,Metasploit,B-TOOL
D2,interface,I-TOOL
,,
D4,service,B-APP
D3,his,O
D4,use,O
D4,network,B-SYSTEM
D4,in,O
D5,mail,B-APP
D2,looking,O
D2,RST,B-DATA
D1,Preprocessor,B-TOOL
D4,use,O
D3,Pentesting,B-TOOL
D2,Allows,O
D3,does,O
D4,set-up,O
D3,and,O
D3,Detection,I-TOOL
D2,of,O
D3,port,B-TECHNIQUE
D2,scan,B-FUNCTION
D4,the,O
D4,Use,O
D2,a,O
D5,messages,B-DATA
D3,Please,O
,,
D5,server-side,B-SYSTEM
D4,Armitage,B-APP
D3,as,O
D2,Detection,I-TOOL
D1,Module,I-TOOL
D3,most,O
D2,service,I-FEATURE
,,
D2,legitimate,B-FEATURE
D1,variables,I-DATA
D3,various,O
D5,In,O
D2,Since,O
D3,these,O
D2,like,O
D2,basically,O
D4,users,B-USER
D5,and,O
D4,us,O
D3,unexpected,O
D4,types,O
D5,can,O
D5,on,O
D3,The,O
D4,required,O
D3,for,O
D1,firewall,B-DATA
D3,to,O
D4,it,O
D5,see,O
D3,etc,O
D2,packet,B-TECHNIQUE
D4,value,O
D2,be,O
D3,for,O
D5,specifies,O
D5,the,O
D3,IDS,B-TOOL
D3,the,O
D2,to,O
,,
,,
D3,icmp-host-prohibited,B-FEATURE
,,
D4,NOP,B-FUNCTION
D3,server,I-SYSTEM
D5,a,O
D2,scanner,I-TOOL
D3,your,O
D3,the,O
D3,mail,O
D3,dangerous,O
D2,Engine,I-TOOL
,,
D5,Server,I-SYSTEM
D2,the,O
,,
D3,every,O
D3,that,O
D2,Simple,O
D4,to,O
D4,to,O
D3,predictable,O
,,
D2,you,O
,,
D4,accounts,I-FEATURE
D4,2,I-SYSTEM
D3,of,O
D3,the,O
D3,the,O
,,
D5,logs,B-DATA
D5,files,B-DATA
D1,to,O
D3,no,O
D3,the,O
D4,are,O
D5,mark,O
D5,ie,O
D2,with,O
D3,and,O
D2,entire,O
D4,using,O
D3,1,O
D2,be,O
D3,well,O
,,
D2,header,I-FEATURE
D2,Port,I-DATA
D3,using,O
D5,logged,B-FUNCTION
D2,running,O
D4,looking,O
D4,as,O
D3,even,O
D2,three,O
D2,and,O
D3,the,O
D5,that,O
D4,can,O
D2,certain,O
D4,is,O
D1,sends,O
D4,was,O
D3,configuring,B-FUNCTION
D5,syslogconf,B-DATA
D2,has,O
D3,set,I-DATA
D5,logs,B-DATA
D3,and,O
D1,into,O
D3,protect,B-FEATURE
D3,rules,B-FUNCTION
D3,requested,O
D4,service,B-APP
D2,a,O
D3,activities,O
D3,can,O
D4,keyword,O
D5,Remote,B-SYSTEM
D4,Metasploit,B-TOOL
D5,LOG,B-APP
D2,other,O
D3,send,O
D2,legitimate,B-FEATURE
D3,data,B-DATA
D2,to,O
D4,SQL,B-SYSTEM
D4,command,B-FUNCTION
,,
D2,common,O
D4,you,O
D2,to,O
D3,Nmap,B-TOOL
D3,you,O
D3,on,O
D2,Attacker,B-ATTACKER
D5,system,B-DATA
D2,scans,B-TECHNIQUE
D2,First,O
D3,that,O
D3,point,O
D3,and,O
D3,spoofed,B-VULNERABILITY
D5,central,B-SYSTEM
D4,a,O
,,
D4,exploit,B-FUNCTION
D2,the,I-FEATURE
D4,a,O
D3,the,O
D2,more,O
D3,scan,I-TECHNIQUE
D3,2,I-SYSTEM
D2,brute,B-FUNCTION
D4,remote,B-SYSTEM
D3,system,B-SECURITYTEAM
D4,By,O
,,
,,
,,
D2,code,I-DATA
D4,new,O
D4,available,O
D4,used,O
D2,Another,O
D4,customizable,O
D3,of,O
D5,multiple,O
D4,be,O
D3,this,O
D2,a,O
D5,logs,B-DATA
D2,of,O
D4,settings,B-FEATURE
D4,vulnerabilities,B-VULNERABILITY
D4,classes,B-FUNCTION
D3,and,O
D1,Snort,B-TOOL
D3,Linux,B-SYSTEM
D4,of,O
D5,by,O
D4,generators,I-FUNCTION
D2,that,O
D4,are,O
D2,response,B-FEATURE
D3,can,O
,,
D3,and,O
D5,message,B-DATA
D3,and,O
D5,The,O
D2,brute,B-FUNCTION
D4,scan,I-TECHNIQUE
D3,pentesting,B-TECHNIQUE
D5,forwarded,O
D4,to,O
D3,testing,I-TECHNIQUE
D4,used,O
D3,at,O
D4,company,O
D2,displays,O
D4,a,O
D3,the,O
D3,this,O
D2,password,B-FEATURE
D2,RPC,B-FUNCTION
D3,Scripting,I-TOOL
D2,malware,B-FUNCTION
D5,the,O
D1,Snort,B-TOOL
D2,bounced,O
D3,waiting,O
D4,following,O
D5,instead,O
D5,Run,O
D4,typed,O
D3,Ways,O
D3,iptables,B-APP
D5,name,I-FEATURE
D2,between,O
D5,logging,B-FUNCTION
D5,by,O
,,
D5,cause,O
D4,issuing,O
D5,are,O
D2,packets,I-DATA
D4,console,B-TOOL
D2,handshake,I-TECHNIQUE
D3,with,O
D1,has,O
D3,be,O
D4,at,O
D5,system,I-TOOL
D3,determine,O
D2,is,O
D3,promoting,O
D4,to,O
D3,packet,I-DATA
D2,RST,B-DATA
D3,and,O
D5,message,B-DATA
D2,Nmap,B-TOOL
D4,KVM,B-SYSTEM
D3,added,O
D4,about,O
D4,options,O
D2,is,O
,,
D5,forward,O
D5,only,O
D3,data,B-DATA
D5,client,B-SYSTEM
D3,the,O
D3,to,O
D2,Connect,I-TECHNIQUE
D2,Increase,O
D4,on,O
,,
D3,the,O
D3,offer,O
D3,Systems,I-TOOL
D1,Output,B-TOOL
D5,as,O
D3,security,I-TECHNIQUE
D2,RPC,B-FUNCTION
D5,file,B-DATA
D2,aggressive�,B-FEATURE
D5,by,O
D5,of,O
D4,ie_execcommand_ua,B-VULNERABILITY
D3,the,O
D3,11,O
D2,the,O
D4,knowing,O
D3,rules,B-FUNCTION
D3,probes,B-TECHNIQUE
D2,of,O
D4,CPU,B-SYSTEM
D2,then,O
,,
D5,forwarded,O
D3,the,O
D3,setup,B-SYSTEM
D2,administrators,I-SECURITYTEAM
D4,can,O
D3,name,B-SYSTEM
,,
D3,eight,O
D2,that,O
D4,using,O
